{
    "train_loss": [
        2.107667604707322,
        1.3698694587878462,
        1.162645459924854,
        1.0017441929136432,
        0.8772604771005282,
        0.775384414683348,
        0.6851721401297072,
        0.5938643957458952,
        0.5205173377158507,
        0.45044078560745193,
        0.3773946723660583,
        0.3192398633643891,
        0.25525021852937135,
        0.21788082419420188,
        0.1687951500076543,
        0.13335290027536312,
        0.11465466766963778,
        0.07630790891008651,
        0.05875565213555435,
        0.04742954904213548
    ],
    "train_acc": [
        0.37372248427672955,
        0.5730968292029399,
        0.6318461741291502,
        0.6802935011731753,
        0.7182095125786163,
        0.7481001049467603,
        0.7771390200410999,
        0.8083071279450782,
        0.8288456499576569,
        0.8532167191400468,
        0.8753603250725465,
        0.8940153301886793,
        0.9197130503144654,
        0.9320296122218078,
        0.9483588836477987,
        0.9606590672109112,
        0.9674233490566038,
        0.980247641509434,
        0.9854559748427673,
        0.9895341981132075
    ],
    "train_auroc": [
        0.8050406570517042,
        0.8629720882987076,
        0.8629055792618098,
        0.8767864425789635,
        0.8778996091781173,
        0.8826645965096336,
        0.8831981218086099,
        0.8841140151211301,
        0.8898965617958104,
        0.8897722513420777,
        0.8946026112860853,
        0.8939831452737065,
        0.8908579654101306,
        0.8917258454943603,
        0.8924957719051613,
        0.8941229215395525,
        0.8965080583807807,
        0.8939979387529241,
        0.8956525755940743,
        0.8965277651196006
    ],
    "val_loss": [
        1.493070389913476,
        1.31435037177542,
        1.2123093086740244,
        1.1373933832282606,
        0.9903114204821379,
        0.97513431440229,
        0.8999891410703245,
        0.8818952233895011,
        0.8945355389429175,
        0.835689897770467,
        0.8457984406015148,
        0.8747718398985656,
        0.8412210053723791,
        0.8966617512962093,
        0.913382038474083,
        0.896546308113181,
        0.9314079900150714,
        0.9486075055016123,
        0.9485338696319124,
        0.9669457107134487
    ],
    "val_acc": [
        0.5365553835163945,
        0.583365683970244,
        0.6146803835163945,
        0.6446040376372959,
        0.675498190133468,
        0.6948434269946554,
        0.7251229312108911,
        0.7295225158981655,
        0.725802279036978,
        0.7455357157665751,
        0.7447916683943375,
        0.7400362336117289,
        0.7590579727421636,
        0.7581198241399683,
        0.7502911505491837,
        0.7475414094717606,
        0.7652044529500215,
        0.7604490181674128,
        0.7689893893573595,
        0.7686011920804563
    ],
    "val_auroc": [
        0.9541906118392944,
        0.9645965695381165,
        0.9705793261528015,
        0.9732246398925781,
        0.9787640571594238,
        0.9799975752830505,
        0.9816561937332153,
        0.9828600883483887,
        0.9832048416137695,
        0.9848334789276123,
        0.9843477606773376,
        0.9844900965690613,
        0.9852029085159302,
        0.9844457507133484,
        0.9851935505867004,
        0.9858448505401611,
        0.9861014485359192,
        0.9850596189498901,
        0.9861704111099243,
        0.9862412810325623
    ]
}