{
    "train_loss": [
        2.0449148041647187,
        1.4177782168178439,
        1.0441392783848744,
        0.7528346941905951,
        0.5250763994342876,
        0.3452765426170901,
        0.23168959876276413,
        0.15755557306345153,
        0.11477844210915596,
        0.08668740646644209,
        0.06866598344823849,
        0.05468983798281952,
        0.04593394694369544,
        0.03938308366392768,
        0.03418566457599214,
        0.030234418680551666,
        0.027797222734903388,
        0.02537414141046176,
        0.022909681224879228,
        0.020160782748376422
    ],
    "train_acc": [
        0.41905619007236555,
        0.6083664350539634,
        0.7328543944178887,
        0.8294051019650586,
        0.9031467231564552,
        0.9535491144132314,
        0.9776745074949924,
        0.98849977262365,
        0.9938089622641509,
        0.9974604848795717,
        0.9977061609802006,
        0.9990819471437227,
        0.9991647012578616,
        0.999312106918239,
        0.9996069182389937,
        0.9997051886792453,
        0.9998034591194969,
        0.9997051886792453,
        0.9995577830188679,
        0.9997051886792453
    ],
    "train_auroc": [
        0.8956215599048063,
        0.9526464028178521,
        0.9701466646584325,
        0.9789757158771251,
        0.9858694830030765,
        0.9862123277952086,
        0.9898231366895279,
        0.9880252394286342,
        0.9895681971274082,
        0.9893626109609064,
        0.9885021583089288,
        0.9874200824671572,
        0.9882881776341852,
        0.9895857355129793,
        0.990891343392666,
        0.989806980082074,
        0.9872030105980687,
        0.9888991076241499,
        0.9876382527111461,
        0.9885057432096709
    ],
    "val_loss": [
        1.571801374355952,
        1.3032155136267345,
        1.1859117647012074,
        1.0779669558008511,
        1.0371245791514714,
        1.0082774783174198,
        1.004853514333566,
        0.9801059489448866,
        0.9674589882294337,
        0.9528817012906075,
        0.9612829933563868,
        0.9560733636220297,
        0.947412500778834,
        0.9549017623066902,
        0.9526901642481486,
        0.954124261935552,
        0.9493363946676254,
        0.9491050591071447,
        0.9570341929793358,
        0.9663049280643463
    ],
    "val_acc": [
        0.5602058519919714,
        0.6273561517397562,
        0.6540178606907526,
        0.6795014888048172,
        0.699807787934939,
        0.7049851218859354,
        0.7048921138048172,
        0.7114645342032114,
        0.7173239092032114,
        0.7238963296016058,
        0.7284536212682724,
        0.7264694968859354,
        0.7238963296016058,
        0.731057787934939,
        0.7297557046016058,
        0.7238653302192688,
        0.733010912934939,
        0.7284536212682724,
        0.7323598712682724,
        0.725198412934939
    ],
    "val_auroc": [
        0.9502915740013123,
        0.9649374485015869,
        0.9700241088867188,
        0.973538875579834,
        0.9735433459281921,
        0.9749739170074463,
        0.9744473099708557,
        0.9746384620666504,
        0.9750960469245911,
        0.9757389426231384,
        0.9749122858047485,
        0.9752699136734009,
        0.9757546782493591,
        0.9751384258270264,
        0.9751133322715759,
        0.9753113389015198,
        0.9749319553375244,
        0.9750871658325195,
        0.9746078848838806,
        0.9745345115661621
    ]
}