{
    "train_loss": [
        1.921832301331766,
        1.2500731941289123,
        0.8339647467031419,
        0.5051612868998785,
        0.29148640310239493,
        0.17072441030598287,
        0.10934294535304015,
        0.07416617680551871,
        0.055959986792233005,
        0.043975758243281884,
        0.03515165906001187,
        0.030343420604396168,
        0.02594761145096155,
        0.022908860407535384,
        0.020258874942859013,
        0.018232313260061184,
        0.016720001626783196,
        0.014856600788357498,
        0.013768478132690649,
        0.012772215202263315
    ],
    "train_acc": [
        0.4641804245283019,
        0.6720560245543906,
        0.8099320380942626,
        0.9188570631375103,
        0.969026708752854,
        0.989516095545307,
        0.9959709119496856,
        0.9984768081761006,
        0.9990172955974843,
        0.9996069182389937,
        0.9996560534591195,
        0.9997051886792453,
        0.999754323899371,
        0.999754323899371,
        0.999754323899371,
        0.9999017295597484,
        0.9998525943396226,
        0.9998525943396226,
        0.9998525943396226,
        0.9998034591194969
    ],
    "train_auroc": [
        0.9102363505828306,
        0.9636904271143787,
        0.9784507882670037,
        0.9884575331735911,
        0.9887666724762827,
        0.9899658736942699,
        0.9891418754679602,
        0.987418107641568,
        0.9893723460113477,
        0.9872027999200161,
        0.9880715612345522,
        0.9900238540187571,
        0.9887226160217382,
        0.9893732340830677,
        0.9859032717140965,
        0.989806980082074,
        0.9889394892086772,
        0.9867707622126214,
        0.9895901072700068,
        0.9891563623956164
    ],
    "val_loss": [
        1.5361010432243347,
        1.2766308436791103,
        1.145395318667094,
        1.0747836778561275,
        1.0452191978693008,
        1.0174691081047058,
        1.0094694669047992,
        0.9853294218579928,
        0.990885945657889,
        0.9869500324130058,
        0.9887963657577833,
        0.9874626497427622,
        0.9870998511711756,
        0.9822955280542374,
        0.9827866305907568,
        0.9828293720881144,
        0.9806821942329407,
        0.9782849674423536,
        0.9836723158756892,
        0.9838230883081754
    ],
    "val_acc": [
        0.562189981341362,
        0.6189236144224802,
        0.6579551100730896,
        0.6820126523574194,
        0.6892361144224802,
        0.6937624017397562,
        0.6970486144224802,
        0.697699656089147,
        0.6983816971381506,
        0.7035900304714838,
        0.7094494054714838,
        0.7029079894224802,
        0.6990017394224802,
        0.7016369054714838,
        0.7009858638048172,
        0.7016679098208746,
        0.7081163227558136,
        0.7009858638048172,
        0.7029389888048172,
        0.6990327388048172
    ],
    "val_auroc": [
        0.9536344408988953,
        0.9665355086326599,
        0.9705793261528015,
        0.9747024178504944,
        0.9737462401390076,
        0.9748463034629822,
        0.9750345349311829,
        0.975599467754364,
        0.975318193435669,
        0.9751768112182617,
        0.9745108485221863,
        0.9746526479721069,
        0.9746108055114746,
        0.9749704599380493,
        0.9746452569961548,
        0.9747034311294556,
        0.9746158123016357,
        0.9748871922492981,
        0.9746857285499573,
        0.9748442769050598
    ]
}