{
    "train_loss": [
        2.38643478972357,
        1.8840139886868075,
        1.6699456606271132,
        1.5144232474033188,
        1.3820048915515155,
        1.2507187255523489,
        1.1278439047951367,
        1.0130980903247617,
        0.9218322788394472,
        0.8309921326127442,
        0.7416367024745582,
        0.6636203206935019,
        0.5992810430016907,
        0.5367590447641769,
        0.49488855232982515,
        0.43183695745168243,
        0.38353313505649567,
        0.3438962622071212,
        0.31862445597378714,
        0.30129187080845143
    ],
    "train_acc": [
        0.31203968063840326,
        0.4448056314726296,
        0.5048488704663403,
        0.553559976178895,
        0.5932638199074464,
        0.6365571209469681,
        0.6745489903216092,
        0.7141597360934852,
        0.7376670597484277,
        0.7684929453351963,
        0.7971077456414325,
        0.8227537446801767,
        0.8390226746505162,
        0.8582862671816124,
        0.870818334180604,
        0.8879975586567285,
        0.9036199727898124,
        0.9160072203702146,
        0.9213474430378128,
        0.9214276109101638
    ],
    "train_auroc": [
        0.8499309898547407,
        0.9111191630363464,
        0.9344152373337896,
        0.9397492281295968,
        0.9500676430996109,
        0.9560441029896526,
        0.9642514533966592,
        0.9679117952502748,
        0.9723236395877862,
        0.9756562694813471,
        0.976775068531996,
        0.9809556910826726,
        0.9836072063296096,
        0.9799463621475412,
        0.9830915294353317,
        0.9853711593076118,
        0.9861767550684372,
        0.9874282749194019,
        0.9876779584014941,
        0.987886869307584
    ],
    "val_loss": [
        2.079017291466395,
        1.8748784065246582,
        1.7967188855012257,
        1.7334187030792236,
        1.6851485818624496,
        1.6489554792642593,
        1.6460300733645756,
        1.5979068378607433,
        1.611142764488856,
        1.6448653638362885,
        1.658604731162389,
        1.6460543274879456,
        1.6565502136945724,
        1.7128185381491978,
        1.7050534635782242,
        1.6836376090844472,
        1.7604927370945613,
        1.8003020981947582,
        1.749497761329015,
        1.8009387751420338
    ],
    "val_acc": [
        0.3795882960160573,
        0.4390811026096344,
        0.475632444024086,
        0.4859561026096344,
        0.4997209856907527,
        0.5081845273574194,
        0.4970858146746953,
        0.516648069024086,
        0.527033731341362,
        0.5257316480080286,
        0.528366819024086,
        0.5296378980080286,
        0.5257936517397562,
        0.5179191480080286,
        0.5374814023574194,
        0.5315910230080286,
        0.524491568406423,
        0.540085569024086,
        0.538752481341362,
        0.521918406089147
    ],
    "val_auroc": [
        0.8959015011787415,
        0.9142044186592102,
        0.9220211505889893,
        0.9286810755729675,
        0.9324295520782471,
        0.9331265687942505,
        0.9358103275299072,
        0.9393802285194397,
        0.9373640418052673,
        0.9392310976982117,
        0.9383363723754883,
        0.9408290386199951,
        0.94002765417099,
        0.9376906156539917,
        0.9398000240325928,
        0.9420438408851624,
        0.938583254814148,
        0.9376645684242249,
        0.9411384463310242,
        0.9399192333221436
    ]
}