{
    "train_loss": [
        2.496076501390469,
        2.0184308935261375,
        1.837713068386294,
        1.7029394106295124,
        1.5903733908755224,
        1.4796487452848903,
        1.4030711388438002,
        1.3076937506033939,
        1.22928608475991,
        1.1549443520090115,
        1.0831796898032136,
        1.011592040646751,
        0.9628443268110167,
        0.8921355297730403,
        0.8377738463803657,
        0.7917785438351661,
        0.7360986021329772,
        0.7032156899665136,
        0.6615630298290612,
        0.6124647467766168
    ],
    "train_acc": [
        0.27906477582529654,
        0.40084253973181144,
        0.45284829124714593,
        0.4898109070534976,
        0.526791625240314,
        0.556559810473484,
        0.5796042287124777,
        0.6136032151726057,
        0.6347365319353979,
        0.6581585152344134,
        0.676770419444678,
        0.7022224634698352,
        0.7114754015544675,
        0.7372662196369291,
        0.7524567610062893,
        0.7663620283018868,
        0.7832179950468195,
        0.7934045019389698,
        0.8064770563593451,
        0.821383130625359
    ],
    "train_auroc": [
        0.8262757820153387,
        0.8956898192189774,
        0.9094280649281148,
        0.9262752116851087,
        0.9355901933316165,
        0.9421713273480253,
        0.9476427762013562,
        0.9527100853200229,
        0.9566222984086042,
        0.9601675534398301,
        0.9638811196171263,
        0.9668159987191735,
        0.9716120122363733,
        0.9708545174238816,
        0.9734497126543297,
        0.9744578127591115,
        0.9763075956758464,
        0.9781272478823392,
        0.9803181170667492,
        0.9800394053729076
    ],
    "val_loss": [
        2.100868880748749,
        1.931816319624583,
        1.8195964048306148,
        1.8010144333044689,
        1.7010184625784557,
        1.6982759137948353,
        1.673746685187022,
        1.63368917008241,
        1.5928525626659393,
        1.594295730193456,
        1.6012633293867111,
        1.5756512731313705,
        1.6045338561137517,
        1.5971234440803528,
        1.5949232627948124,
        1.6124758074680965,
        1.610829656322797,
        1.6125007619460423,
        1.6792566527922947,
        1.6311157842477162
    ],
    "val_acc": [
        0.3785342276096344,
        0.4169456859429677,
        0.456101194024086,
        0.4650297611951828,
        0.4964347730080287,
        0.4911644359429677,
        0.499689981341362,
        0.4976438482602437,
        0.522507444024086,
        0.515314981341362,
        0.5257626523574194,
        0.521918406089147,
        0.530939981341362,
        0.5290798644224802,
        0.5243985603253046,
        0.5427207350730896,
        0.5401475727558136,
        0.5427207350730896,
        0.5198722730080286,
        0.541449656089147
    ],
    "val_auroc": [
        0.8915807604789734,
        0.9082058668136597,
        0.9196364283561707,
        0.9225512742996216,
        0.9285507202148438,
        0.9305123090744019,
        0.9319300055503845,
        0.9369280338287354,
        0.9380936622619629,
        0.9395433664321899,
        0.9400887489318848,
        0.9414324760437012,
        0.9401088356971741,
        0.9417049288749695,
        0.9426202178001404,
        0.9401300549507141,
        0.941832423210144,
        0.9417915940284729,
        0.9401842355728149,
        0.9424186944961548
    ]
}