{
    "train_loss": [
        1.977996491036325,
        1.2820481995366655,
        0.8730673430100927,
        0.5502284296653556,
        0.32987748292632074,
        0.19928744763323347,
        0.12492122262153986,
        0.08658587688919883,
        0.06221862444244091,
        0.04804822455787059,
        0.03933190109219941,
        0.03262795681286158,
        0.027926628108856814,
        0.024784422192558553,
        0.021378576310363207,
        0.019551769531560393,
        0.017644226533483784,
        0.015981289476109377,
        0.0148483262508639,
        0.013566813613258817
    ],
    "train_acc": [
        0.4480744165444524,
        0.6590532937889579,
        0.7951242346433723,
        0.9021148835338136,
        0.961982270081838,
        0.9851275446279993,
        0.9948408018867925,
        0.9975096200996975,
        0.9983940540619616,
        0.9991647012578616,
        0.9994595125786163,
        0.9997051886792453,
        0.9997051886792453,
        0.999754323899371,
        0.9998525943396226,
        0.999754323899371,
        0.999754323899371,
        0.999754323899371,
        0.9998034591194969,
        0.9998525943396226
    ],
    "train_auroc": [
        0.9006258275523875,
        0.9614589866602196,
        0.9804262987472726,
        0.9869438900887592,
        0.9864422139131798,
        0.9860280718443528,
        0.9895729381333357,
        0.987849310134192,
        0.9880694428329948,
        0.9900224962324466,
        0.9895901068951349,
        0.9887193718796257,
        0.9885048821287336,
        0.988505391204882,
        0.9863366634590821,
        0.9887218272910928,
        0.9887226148971222,
        0.9889394895835493,
        0.9876382530860182,
        0.9887226160217382
    ],
    "val_loss": [
        1.5395610481500626,
        1.2772466440995534,
        1.1294208665688832,
        1.1259594758351643,
        1.0806289116541545,
        1.034074013431867,
        1.0241511364777882,
        1.0131677215298016,
        1.0083593775828679,
        1.0048138871788979,
        1.0042280182242393,
        1.003519947330157,
        0.9968894322713217,
        1.0091755241155624,
        1.0015930806597073,
        1.0050183087587357,
        1.000909189383189,
        1.0007689744234085,
        1.0021980702877045,
        1.0026608382662137
    ],
    "val_acc": [
        0.570746531089147,
        0.6319754471381506,
        0.680121531089147,
        0.6847408264875412,
        0.6782304098208746,
        0.6997767885526022,
        0.699652781089147,
        0.7120225727558136,
        0.7062562008698782,
        0.7108754962682724,
        0.7094804098208746,
        0.7095424135526022,
        0.7121465802192688,
        0.7114645342032114,
        0.7094804098208746,
        0.7154017885526022,
        0.7127356181542078,
        0.7140997052192688,
        0.7160218258698782,
        0.7133866598208746
    ],
    "val_auroc": [
        0.9517462253570557,
        0.9647778272628784,
        0.9715906381607056,
        0.9698176980018616,
        0.9725068807601929,
        0.972946286201477,
        0.9727733731269836,
        0.973771870136261,
        0.9731261134147644,
        0.9729521870613098,
        0.9729334712028503,
        0.9730547070503235,
        0.9730788469314575,
        0.9727024435997009,
        0.9728103280067444,
        0.9726094007492065,
        0.9725748896598816,
        0.972541332244873,
        0.9724088907241821,
        0.97225421667099
    ]
}