{
    "train_loss": [
        2.5602382286539616,
        1.9506711982331186,
        1.7537197316967466,
        1.6084050217514518,
        1.489315336605288,
        1.3883813109787755,
        1.27445343530403,
        1.1805762843515888,
        1.0788664990251169,
        0.9900213536226524,
        0.8922175191483408,
        0.7927407228721762,
        0.6999914456838332,
        0.6089268602290243,
        0.5376163042566311,
        0.4459198439646067,
        0.38701105445810835,
        0.330567127035099,
        0.2858971912156111,
        0.24166009973430033
    ],
    "train_acc": [
        0.26332598887149644,
        0.4148305611415479,
        0.4671388819532574,
        0.5126613704663403,
        0.5470043032799127,
        0.5778043281357244,
        0.6109576712614335,
        0.6379484234366027,
        0.6665683962264151,
        0.6946013322416341,
        0.7212688266856115,
        0.7578306025679007,
        0.7818396226415094,
        0.8120655413693602,
        0.8336979683090306,
        0.8664246111545922,
        0.8833478153126795,
        0.9031156901293581,
        0.9162192775768304,
        0.9300417907582889
    ],
    "train_auroc": [
        0.8197935669677062,
        0.9024345859791498,
        0.9196242956245471,
        0.9365641658411086,
        0.9426664848747494,
        0.9489805495963907,
        0.9568361939874085,
        0.9599845836747367,
        0.9670363330991013,
        0.9683753548178283,
        0.9744665645203501,
        0.974876640352813,
        0.9797020018475611,
        0.9822398847753897,
        0.9827735154133923,
        0.9859299457298135,
        0.9839883739093565,
        0.9872978067248123,
        0.986186740158489,
        0.9898274923270604
    ],
    "val_loss": [
        2.08547779917717,
        1.7923604100942612,
        1.6579400897026062,
        1.5681996097167332,
        1.4979734867811203,
        1.4504921585321426,
        1.3933884302775066,
        1.370663657784462,
        1.3445666482051213,
        1.3271239201227825,
        1.291647545993328,
        1.3175965572396915,
        1.3269294997056325,
        1.3738789856433868,
        1.4084576020638149,
        1.4908613165219624,
        1.4526838411887486,
        1.5407707542181015,
        1.6285902857780457,
        1.6666802763938904
    ],
    "val_acc": [
        0.3965153793493907,
        0.452814981341362,
        0.4951016853253047,
        0.5290178606907526,
        0.5427517394224802,
        0.557663694024086,
        0.5700334856907526,
        0.577814981341362,
        0.6019655267397562,
        0.595393106341362,
        0.6040116598208746,
        0.5993923644224802,
        0.6078249017397562,
        0.6156374017397562,
        0.6189236144224802,
        0.6032366106907526,
        0.619574656089147,
        0.610429068406423,
        0.6065538227558136,
        0.6013454894224802
    ],
    "val_auroc": [
        0.8995019197463989,
        0.9245492815971375,
        0.9348916411399841,
        0.942509114742279,
        0.9463708996772766,
        0.9502866864204407,
        0.9535763263702393,
        0.9560758471488953,
        0.9565806984901428,
        0.9591275453567505,
        0.9597453474998474,
        0.9598669409751892,
        0.9585999846458435,
        0.9590669870376587,
        0.9577339887619019,
        0.9540629982948303,
        0.9571881890296936,
        0.9569408893585205,
        0.9539463520050049,
        0.9543039202690125
    ]
}