{
    "train_loss": [
        1.927051230796478,
        1.220926580564031,
        0.8071769333485538,
        0.480069933072576,
        0.26812326561354993,
        0.1520115350308658,
        0.09542824215484115,
        0.06577208003251807,
        0.049360846175150304,
        0.03847410436133918,
        0.03190607782570446,
        0.026282420592769137,
        0.02269467330719315,
        0.020214758883669692,
        0.018120776510463572,
        0.016332247991513157,
        0.014783641768607704,
        0.013520076232464434,
        0.012628095464652064,
        0.011603382199346644
    ],
    "train_acc": [
        0.46898274564143244,
        0.6813632695929809,
        0.8183781238471937,
        0.9208535045947669,
        0.9730247641509434,
        0.9906798245022131,
        0.9969536163522013,
        0.9984276729559748,
        0.9992629716981132,
        0.9995577830188679,
        0.999754323899371,
        0.9998525943396226,
        0.9998034591194969,
        0.9998034591194969,
        0.9999017295597484,
        0.9998525943396226,
        0.9998525943396226,
        0.9998034591194969,
        0.9998034591194969,
        0.9998034591194969
    ],
    "train_auroc": [
        0.9108524999153689,
        0.9646012243234886,
        0.979665680501446,
        0.9856880273459092,
        0.9858736350851239,
        0.9895607375498837,
        0.9885029159251999,
        0.9908898146647327,
        0.9872042510494496,
        0.9869872826450276,
        0.9880714191580718,
        0.9889394880840613,
        0.9900235559955333,
        0.9898069797072021,
        0.9867707614628773,
        0.987421379899079,
        0.9880719972106645,
        0.9878551255232133,
        0.9913250893916724,
        0.9891563616458725
    ],
    "val_loss": [
        1.5003088116645813,
        1.2483223776022594,
        1.1620756909251213,
        1.0670669575532277,
        1.03578998396794,
        1.015077881515026,
        1.003860463698705,
        0.9881755684812864,
        0.9862504502137502,
        0.9873268182078997,
        0.9864491273959478,
        0.9828607315818468,
        0.9826735556125641,
        0.9842511713504791,
        0.9798247317473093,
        0.9801544447739919,
        0.9884677405158678,
        0.9867259760697683,
        0.9872362737854322,
        0.9839589695135752
    ],
    "val_acc": [
        0.5817522356907526,
        0.6547619054714838,
        0.6554129471381506,
        0.6990947425365448,
        0.6958085348208746,
        0.7029699931542078,
        0.7088293681542078,
        0.7081473221381506,
        0.7030009925365448,
        0.7107824931542078,
        0.7160218258698782,
        0.7101004471381506,
        0.7095114092032114,
        0.7056051592032114,
        0.7068762431542078,
        0.7114335348208746,
        0.7114025304714838,
        0.7121155758698782,
        0.7101624508698782,
        0.7134176592032114
    ],
    "val_auroc": [
        0.9540581703186035,
        0.966435432434082,
        0.9693527221679688,
        0.9732630252838135,
        0.9741753935813904,
        0.9742467999458313,
        0.9735310077667236,
        0.974200963973999,
        0.9741261005401611,
        0.9737058877944946,
        0.9738492369651794,
        0.9740433096885681,
        0.9741817116737366,
        0.9740481972694397,
        0.9742265939712524,
        0.9739798307418823,
        0.9734561443328857,
        0.9737935662269592,
        0.9734275937080383,
        0.9736601114273071
    ]
}