{
    "train_loss": [
        1.8418540677184578,
        1.1349356391894743,
        0.7016286017759791,
        0.36522200778595304,
        0.17115403772712504,
        0.08782853322021617,
        0.05320140138362189,
        0.03667921980596938,
        0.02756612148112471,
        0.022025930384794872,
        0.01869845451236521,
        0.015869474413353693,
        0.013876580879232794,
        0.011983646232189622,
        0.01099344026063036,
        0.01027664433251012,
        0.009429583469487773,
        0.008804484153365565,
        0.008024591565975603,
        0.007373604900057211
    ],
    "train_acc": [
        0.4728023627269193,
        0.676248034591195,
        0.8185643205102885,
        0.9335174613028953,
        0.981623427672956,
        0.9951356132075472,
        0.9980345911949685,
        0.9991647012578616,
        0.9994595125786163,
        0.9997051886792453,
        0.9996069182389937,
        0.999754323899371,
        0.9998034591194969,
        0.9998525943396226,
        0.999754323899371,
        0.9998525943396226,
        0.9998034591194969,
        0.999754323899371,
        0.999754323899371,
        0.999754323899371
    ],
    "train_auroc": [
        0.9073710089209694,
        0.9636794868505226,
        0.976809394809435,
        0.985958771885566,
        0.9853269840186497,
        0.9876092698589061,
        0.9902346501560331,
        0.9871972285726536,
        0.9895892413157337,
        0.9898069793323301,
        0.9880719979604086,
        0.9889386978539281,
        0.9885035573311571,
        0.989806980082074,
        0.9880719979604086,
        0.9878538145959003,
        0.9900230487937447,
        0.9876371389664944,
        0.9880700737425366,
        0.9898069797072021
    ],
    "val_loss": [
        1.6404130260149639,
        1.3861974328756332,
        1.3470847209294636,
        1.273953951895237,
        1.2794843415419261,
        1.2275156329075496,
        1.2324741035699844,
        1.2581159273783367,
        1.234377771615982,
        1.2681714594364166,
        1.2438810616731644,
        1.2499656826257706,
        1.2479741871356964,
        1.2448817441860835,
        1.2510296901067097,
        1.260764241218567,
        1.2506051510572433,
        1.272849718729655,
        1.2509731302658718,
        1.2752085129419963
    ],
    "val_acc": [
        0.497736856341362,
        0.579148069024086,
        0.5987723221381506,
        0.6130952388048172,
        0.6189546138048172,
        0.6449962804714838,
        0.6482204894224802,
        0.6528397848208746,
        0.652777781089147,
        0.6534598221381506,
        0.6567150304714838,
        0.6553819477558136,
        0.658637156089147,
        0.6573350727558136,
        0.6612723221381506,
        0.6592881977558136,
        0.6632564514875412,
        0.6626054098208746,
        0.6671316971381506,
        0.6645585348208746
    ],
    "val_auroc": [
        0.9484886527061462,
        0.9620482325553894,
        0.9626275300979614,
        0.9636921286582947,
        0.9636009335517883,
        0.9662157893180847,
        0.96524977684021,
        0.9648654460906982,
        0.9656112790107727,
        0.964378833770752,
        0.9652792811393738,
        0.9652157425880432,
        0.9650309681892395,
        0.9654911160469055,
        0.9652438163757324,
        0.9648615717887878,
        0.9648694396018982,
        0.9645271301269531,
        0.9650522470474243,
        0.9644841551780701
    ]
}