{
    "train_loss": [
        2.7543220579999046,
        2.3380111118532576,
        2.1579352782207466,
        2.053005594877327,
        1.9733028231926684,
        1.9033526819457047,
        1.833771935798837,
        1.7781800788903386,
        1.7260632814851198,
        1.6743839791735764,
        1.6285701202896405,
        1.5999310256550148,
        1.5467486239079409,
        1.5203631636481616,
        1.4741716152467068,
        1.4288535118103027,
        1.38991719821714,
        1.37324776289598,
        1.3268377758421988,
        1.295660839890534
    ],
    "train_acc": [
        0.2107642337961017,
        0.30936310407500595,
        0.3519969588180758,
        0.3821659839753085,
        0.4054741806953958,
        0.42233014725289253,
        0.44063689592499405,
        0.46519674782483084,
        0.47464364036074225,
        0.49210733212764907,
        0.503328264509357,
        0.513781136311825,
        0.5260882158324404,
        0.5363290302408567,
        0.5475292741877478,
        0.5600639274285274,
        0.572458933359422,
        0.57878703253824,
        0.5945387497638006,
        0.6033856752533583
    ],
    "train_auroc": [
        0.7837243402529063,
        0.8550391249686667,
        0.8781428453307482,
        0.8885598253903899,
        0.9007493381230336,
        0.9072543839988468,
        0.911704401175181,
        0.9167387054401374,
        0.9221768990252752,
        0.9269169029199852,
        0.9304888259689763,
        0.9329558513449423,
        0.9367419942370001,
        0.9351919784485919,
        0.9432774028688107,
        0.9443852961438257,
        0.948355477186119,
        0.9447108353458861,
        0.9533150147342082,
        0.9522447424864618
    ],
    "val_loss": [
        2.247838189204534,
        2.078700383504232,
        1.9577869474887848,
        1.8758766253789265,
        1.834882766008377,
        1.7941799660523732,
        1.751370112101237,
        1.7619456152121227,
        1.703018565972646,
        1.6866766810417175,
        1.674917181332906,
        1.6573655704657237,
        1.6634851296742756,
        1.616724655032158,
        1.6043262432018917,
        1.611315131187439,
        1.5868584861358006,
        1.5857433279355366,
        1.5822277267773945,
        1.55665019651254
    ],
    "val_acc": [
        0.3444320460160573,
        0.3907800118128459,
        0.4188988109429677,
        0.4417782773574193,
        0.4437003980080287,
        0.4612785230080287,
        0.4736483146746953,
        0.4775545646746953,
        0.4834139396746953,
        0.4854290684064229,
        0.4840339769919713,
        0.4964347730080287,
        0.492497518658638,
        0.5127108146746954,
        0.512741819024086,
        0.508835569024086,
        0.5199032773574194,
        0.5218564023574194,
        0.5140128980080286,
        0.5329551100730896
    ],
    "val_auroc": [
        0.8777955770492554,
        0.8975113034248352,
        0.9077009558677673,
        0.9142920970916748,
        0.9188743829727173,
        0.9221832752227783,
        0.925259530544281,
        0.9249492287635803,
        0.9297378659248352,
        0.9300517439842224,
        0.9314743280410767,
        0.9325039386749268,
        0.9333679676055908,
        0.9370964765548706,
        0.9373576641082764,
        0.9369944930076599,
        0.9391739368438721,
        0.938894510269165,
        0.9402881264686584,
        0.9421802163124084
    ]
}