{
    "train_loss": [
        1.9790009207695536,
        1.260261447924488,
        0.8009501305766076,
        0.44919498780238554,
        0.2313067781850227,
        0.12374928246878977,
        0.07546556516076033,
        0.05154501028218359,
        0.03877115350380634,
        0.030791733847380435,
        0.02554800847556981,
        0.02174182286568033,
        0.01919938076240649,
        0.01640185731925867,
        0.015051600101562042,
        0.013628036662373902,
        0.012642701882751857,
        0.011679855942632418,
        0.010660367232964098,
        0.009872775674217715
    ],
    "train_acc": [
        0.4417333872813099,
        0.6624694845211581,
        0.8231338959819866,
        0.9305848644214606,
        0.9787373801447311,
        0.9947244288786402,
        0.9983785377358491,
        0.9991155660377359,
        0.9996069182389937,
        0.9997051886792453,
        0.9998034591194969,
        0.9998034591194969,
        0.999754323899371,
        0.9998034591194969,
        0.999754323899371,
        0.9998525943396226,
        0.9997051886792453,
        0.9997051886792453,
        0.999754323899371,
        0.9997698402254837
    ],
    "train_auroc": [
        0.9037515652254693,
        0.9610767911815044,
        0.9791505261787079,
        0.9855327677426848,
        0.9876781312174767,
        0.9871937366401624,
        0.9917573482735352,
        0.9859005336491566,
        0.9898057954866182,
        0.9889394880840613,
        0.9874206751397571,
        0.9867707622126214,
        0.9900238528941412,
        0.989806980082074,
        0.9872045070870118,
        0.9891563616458725,
        0.990891343392666,
        0.9863370143392551,
        0.9904575977685317,
        0.9898069808318181
    ],
    "val_loss": [
        1.6012112200260162,
        1.3161400357882183,
        1.1726856082677841,
        1.1020737538735073,
        1.103053902586301,
        1.059540182352066,
        1.0649939825137456,
        1.0506111308932304,
        1.047126774986585,
        1.0439372683564823,
        1.0429740821321805,
        1.0382169460256894,
        1.0464397917191188,
        1.044647177060445,
        1.0476431921124458,
        1.0426497360070546,
        1.0456815709670384,
        1.0447609598437946,
        1.0490434343616168,
        1.0508163745204608
    ],
    "val_acc": [
        0.5439608146746954,
        0.6058097730080286,
        0.6619543681542078,
        0.6795324931542078,
        0.6872829894224802,
        0.6931733638048172,
        0.6866629471381506,
        0.6925223221381506,
        0.6932043681542078,
        0.6971416175365448,
        0.6971106181542078,
        0.6945374508698782,
        0.6906312008698782,
        0.6951264888048172,
        0.6932043681542078,
        0.6938864092032114,
        0.6886160721381506,
        0.6925843258698782,
        0.6919332842032114,
        0.6912822425365448
    ],
    "val_auroc": [
        0.9469679594039917,
        0.9646931290626526,
        0.9681501388549805,
        0.9716610908508301,
        0.9705315232276917,
        0.9726182222366333,
        0.9714536666870117,
        0.9710511565208435,
        0.9715965390205383,
        0.9711418747901917,
        0.9713097810745239,
        0.9715192317962646,
        0.9710177183151245,
        0.971098005771637,
        0.970735490322113,
        0.9710028767585754,
        0.9708038568496704,
        0.9707826972007751,
        0.9706186652183533,
        0.9704704284667969
    ]
}