{
    "train_loss": [
        2.0801136628636776,
        1.4125350143924449,
        1.0306816385976922,
        0.7215350513938088,
        0.47317028101885095,
        0.30257555326950625,
        0.200516144528329,
        0.13376346895904662,
        0.09564167186149261,
        0.0731434296090273,
        0.057486689011068466,
        0.047133352560629636,
        0.039572694473577745,
        0.03385302445517396,
        0.030228164749887754,
        0.026099437660297507,
        0.023570512884161756,
        0.021111246344850124,
        0.019754162930983043,
        0.018071658405586607
    ],
    "train_acc": [
        0.41135747683872964,
        0.6101327167367036,
        0.7382851291752461,
        0.8394183426533105,
        0.9183476083683517,
        0.9631459990387443,
        0.9830948984098135,
        0.9915642584644774,
        0.9967079402515723,
        0.9973466981132075,
        0.9984276729559748,
        0.9989190251572327,
        0.9991647012578616,
        0.999754323899371,
        0.9996560534591195,
        0.9998034591194969,
        0.999754323899371,
        0.9998034591194969,
        0.9997051886792453,
        0.999754323899371
    ],
    "train_auroc": [
        0.8917888920262175,
        0.9502872074924925,
        0.9715557285824662,
        0.9819840245276877,
        0.9864905397847014,
        0.9864803747560993,
        0.9892555527717063,
        0.9895541473004803,
        0.9884972819742167,
        0.989369440753505,
        0.9874066631748991,
        0.9910976950477504,
        0.9882866983893532,
        0.9882843696846152,
        0.9895901076448789,
        0.987853135327873,
        0.98828793996535,
        0.9880716455807476,
        0.9867707610880054,
        0.9891563608961286
    ],
    "val_loss": [
        1.57769779364268,
        1.3375217219193776,
        1.2067127972841263,
        1.1573916127284367,
        1.10160797337691,
        1.058297336101532,
        1.0533680592974026,
        1.0347339361906052,
        1.0224407017230988,
        1.0162205000718434,
        1.0242865930000942,
        1.016380784412225,
        1.0204208120703697,
        1.0153649697701137,
        1.0139305616418521,
        1.0146567150950432,
        1.008681798974673,
        1.0177589977780979,
        1.0193764915068944,
        1.0143073399861653
    ],
    "val_acc": [
        0.555741568406423,
        0.6175905267397562,
        0.6462673644224802,
        0.6651785721381506,
        0.6729910721381506,
        0.6749131977558136,
        0.6834077388048172,
        0.6912202388048172,
        0.6938244054714838,
        0.6938244054714838,
        0.6971106181542078,
        0.6977616598208746,
        0.6971416175365448,
        0.6879650304714838,
        0.6925533264875412,
        0.6997147848208746,
        0.6971106181542078,
        0.6925533264875412,
        0.7010168681542078,
        0.7029699931542078
    ],
    "val_auroc": [
        0.9493350386619568,
        0.9638177156448364,
        0.9684053659439087,
        0.9689713716506958,
        0.971256673336029,
        0.9724029898643494,
        0.9720497727394104,
        0.9730320572853088,
        0.9731127619743347,
        0.972796618938446,
        0.9719251394271851,
        0.972305417060852,
        0.9722447991371155,
        0.9724817276000977,
        0.9720586538314819,
        0.9720901846885681,
        0.9725817441940308,
        0.9722698926925659,
        0.9721516966819763,
        0.9720630049705505
    ]
}