{
    "train_loss": [
        2.303038529629977,
        1.8163588676812514,
        1.6094173710301238,
        1.449720840783989,
        1.2899519557473045,
        1.1642841764216154,
        1.037554994694092,
        0.8962213918098114,
        0.7781024852638725,
        0.6740535883783544,
        0.5635685122238016,
        0.4737462305797721,
        0.3881327657954498,
        0.31835394863437555,
        0.26068313297985485,
        0.22182824457966308,
        0.17882956920554802,
        0.14837047696675895,
        0.12074655880155803,
        0.10657257188416128
    ],
    "train_acc": [
        0.3242691783410198,
        0.45509040880503143,
        0.5192041127186902,
        0.5639973312803784,
        0.613199788819319,
        0.6478608078176871,
        0.6883482292013349,
        0.7388773376836717,
        0.772915115146517,
        0.8076692321015604,
        0.8425242057386434,
        0.8727915013361277,
        0.8987892048913728,
        0.9221646392120505,
        0.9373784548831436,
        0.9478494288786402,
        0.9610978361195738,
        0.9704361138103893,
        0.978297749030515,
        0.9814734361456625
    ],
    "train_auroc": [
        0.8608116976120187,
        0.9155349922630022,
        0.9307361297637412,
        0.9456905580166751,
        0.9558155390451539,
        0.9601265911786061,
        0.9660033474928178,
        0.9720646813980438,
        0.9771087791934703,
        0.9799138551238198,
        0.9830793037354572,
        0.9844672263793226,
        0.9853544149008937,
        0.9874253872805422,
        0.988064447288993,
        0.9890913232317511,
        0.9874805335728627,
        0.9908448461466616,
        0.9885394498237274,
        0.98840158203113
    ],
    "val_loss": [
        1.8716885546843212,
        1.6843619445959728,
        1.6020180980364482,
        1.491054226954778,
        1.4289954404036205,
        1.3749456405639648,
        1.3060598075389862,
        1.2939748615026474,
        1.2817704652746518,
        1.283164381980896,
        1.3145173986752827,
        1.3066612929105759,
        1.3169413655996323,
        1.3126676777998607,
        1.3616683731476467,
        1.400007093946139,
        1.3939364105463028,
        1.4306450138489406,
        1.498168259859085,
        1.4713532378276188
    ],
    "val_acc": [
        0.4404451896746953,
        0.499689981341362,
        0.5191902269919714,
        0.5466579894224802,
        0.5544394850730896,
        0.5746217767397562,
        0.600043406089147,
        0.600043406089147,
        0.6104600727558136,
        0.611762156089147,
        0.6091579894224802,
        0.6188926100730896,
        0.6241319477558136,
        0.6299913227558136,
        0.6188926100730896,
        0.6254030267397562,
        0.6188926100730896,
        0.6175905267397562,
        0.6149863600730896,
        0.6227988600730896
    ],
    "val_auroc": [
        0.0987806332608064,
        0.10129838374753793,
        0.10252255822221439,
        0.10345471712450187,
        0.10400306122998397,
        0.10454542251924674,
        0.1050929178794225,
        0.10554739274084568,
        0.10568298089007537,
        0.10584820993244648,
        0.10567297786474228,
        0.10580695420503616,
        0.10574936680495739,
        0.10589378451307614,
        0.10583273197213809,
        0.10574812752505143,
        0.10560524153212707,
        0.1056527638187011,
        0.1052151471376419,
        0.10540766268968582
    ]
}