{
    "train_loss": [
        1.9471238056818645,
        1.2401867692575514,
        0.7918687219139915,
        0.4430958302515858,
        0.22526303046154525,
        0.12085989192596772,
        0.07470692106106747,
        0.05108775973976033,
        0.03738625938037656,
        0.030350854632052237,
        0.02576018941336833,
        0.02127862773226492,
        0.018520752120317903,
        0.016651783255661058,
        0.014629071994257049,
        0.013483265520266767,
        0.012317703872825365,
        0.011813105066429894,
        0.010367911924028172,
        0.009711484044040524
    ],
    "train_acc": [
        0.4594944762358875,
        0.6734214665005042,
        0.8232166500961255,
        0.9307943353862882,
        0.9794097569003795,
        0.9947425314465409,
        0.9978871855345912,
        0.99906643081761,
        0.9994103773584906,
        0.999754323899371,
        0.9996560534591195,
        0.9998034591194969,
        0.9998034591194969,
        0.999754323899371,
        0.9998525943396226,
        0.9998034591194969,
        0.999754323899371,
        0.9997051886792453,
        0.9998525943396226,
        0.9998525943396226
    ],
    "train_auroc": [
        0.9056082581574062,
        0.9608992623083247,
        0.9806830189512961,
        0.9880518834545927,
        0.9898753773491338,
        0.9919605360091107,
        0.9887152104257787,
        0.9885047138112146,
        0.9895895284676702,
        0.9900212430354184,
        0.9880717014366726,
        0.9876382527111461,
        0.9874205191930135,
        0.986336721189367,
        0.9917567885896694,
        0.9869863218481436,
        0.9880713179426374,
        0.987419236381099,
        0.9850357782165959,
        0.9898044748126336
    ],
    "val_loss": [
        1.5591769019762676,
        1.3141875267028809,
        1.1677163938681285,
        1.1312985594073932,
        1.0836620132128398,
        1.065193774799506,
        1.0606875543793042,
        1.0450713286797206,
        1.0425001507004101,
        1.0410617515444756,
        1.0354925791422527,
        1.0370616813500722,
        1.0402633001406987,
        1.0390442212422688,
        1.0401118770241737,
        1.0406057586272557,
        1.0424625774224598,
        1.0403186207016308,
        1.0458785047133763,
        1.0431857009728749
    ],
    "val_acc": [
        0.5609499017397562,
        0.607855906089147,
        0.6593502014875412,
        0.6762462804714838,
        0.6749752014875412,
        0.6860429098208746,
        0.6997147848208746,
        0.6945064514875412,
        0.6899491598208746,
        0.6938554098208746,
        0.6925533264875412,
        0.6984437008698782,
        0.6919022848208746,
        0.6990947425365448,
        0.6984437008698782,
        0.6945374508698782,
        0.6932043681542078,
        0.6938554098208746,
        0.6919022848208746,
        0.6919022848208746
    ],
    "val_auroc": [
        0.950157642364502,
        0.9632053971290588,
        0.9683995246887207,
        0.9710350036621094,
        0.970999002456665,
        0.9717640280723572,
        0.9707458019256592,
        0.971763551235199,
        0.9718231558799744,
        0.9713975191116333,
        0.9712073802947998,
        0.9711713790893555,
        0.9710157513618469,
        0.9707472324371338,
        0.9706650376319885,
        0.9708127975463867,
        0.9703723788261414,
        0.9705734252929688,
        0.9703192114830017,
        0.9702527523040771
    ]
}