{
    "train_loss": [
        1.9627909480400805,
        1.3770047051351775,
        1.0557681412067053,
        0.7912404979549864,
        0.570482611656189,
        0.3951387313551873,
        0.27061468109769643,
        0.18830147451199825,
        0.1379573221476573,
        0.10282628669303918,
        0.08047991290501079,
        0.06491865449637738,
        0.0542361577914196,
        0.04476659140496884,
        0.0395604245036653,
        0.03465918608525264,
        0.030439291852262785,
        0.027024917210797843,
        0.02543834348519643,
        0.022837047564720957
    ],
    "train_acc": [
        0.4534068808615583,
        0.6240716029263143,
        0.7236790383386912,
        0.8155644862156994,
        0.887653612115848,
        0.9413092724932065,
        0.9701361303809304,
        0.9864386792452831,
        0.9921357789129581,
        0.9962657232704403,
        0.9976570257600749,
        0.9982802672955975,
        0.9991155660377359,
        0.9992629716981132,
        0.9996560534591195,
        0.9994258936846031,
        0.999754323899371,
        0.9998034591194969,
        0.9998034591194969,
        0.9997051886792453
    ],
    "train_auroc": [
        0.9047014257817898,
        0.9542992752303118,
        0.9703904030457983,
        0.9791938021497907,
        0.9855610525832986,
        0.9856672316977063,
        0.9882114308435213,
        0.9867045856871695,
        0.9884790988088404,
        0.9893636774716887,
        0.9869856144647179,
        0.9893723996180408,
        0.9904570242144027,
        0.9902404299322164,
        0.9876369402843451,
        0.9880713895431854,
        0.9898062460827377,
        0.987854688047613,
        0.9882885183928147,
        0.9878551243985974
    ],
    "val_loss": [
        1.5777970204750698,
        1.3193633457024891,
        1.1853807494044304,
        1.1131161103645961,
        1.0173727944493294,
        1.0052623252073924,
        0.9939095228910446,
        0.9493414883812269,
        0.9591160292426745,
        0.958859051267306,
        0.9400242964426676,
        0.9542510683337847,
        0.9325125565131506,
        0.933256077269713,
        0.9485185046990713,
        0.9442623431483904,
        0.9452870065967242,
        0.9430349220832189,
        0.944894589483738,
        0.9452078690131506
    ],
    "val_acc": [
        0.5498201896746954,
        0.6117931554714838,
        0.6418030758698782,
        0.6716889888048172,
        0.6997767885526022,
        0.7127666175365448,
        0.7056051592032114,
        0.7146887431542078,
        0.7140687008698782,
        0.7186569968859354,
        0.7251674135526022,
        0.7173549135526022,
        0.7251674135526022,
        0.7193080385526022,
        0.7238343258698782,
        0.7212301592032114,
        0.7251674135526022,
        0.7251674135526022,
        0.7238653302192688,
        0.7258184552192688
    ],
    "val_auroc": [
        0.9494398832321167,
        0.9632511734962463,
        0.9687463045120239,
        0.9715241193771362,
        0.9742813110351562,
        0.9755556583404541,
        0.9749029874801636,
        0.9766250848770142,
        0.9762753248214722,
        0.9751797914505005,
        0.976121723651886,
        0.9753787517547607,
        0.9763935804367065,
        0.976508378982544,
        0.9758778214454651,
        0.9760093688964844,
        0.9759905934333801,
        0.9757610559463501,
        0.9759162068367004,
        0.9758630990982056
    ]
}