{
    "train_loss": [
        10.66923541542869,
        6.382737113244878,
        5.886329084072473,
        4.5775184136516645,
        4.327972741996717,
        4.391825080667652,
        3.603280395831702,
        3.379237816018878,
        3.2047085424639143,
        2.673134075770588,
        2.412092735182564,
        2.3999311826514,
        2.138530434677436,
        2.1804389095156447,
        1.9549230348389104,
        1.5990520067184977,
        1.6043939418012991,
        1.4322560347101223,
        1.6431003415359642,
        1.1739768048502364
    ],
    "train_acc": [
        0.24066172212174852,
        0.3456429990957368,
        0.39772633242907013,
        0.461790901310039,
        0.4980061444096595,
        0.5172955974842768,
        0.5707417865219356,
        0.589128703253824,
        0.6015081926711701,
        0.64299124891653,
        0.6684174320232943,
        0.6783867096001247,
        0.7020672998338375,
        0.6994476168410583,
        0.7161380749828411,
        0.752751572327044,
        0.7571401232443515,
        0.7786872102029668,
        0.7629225628930818,
        0.7982042371851843
    ],
    "train_auroc": [
        0.7706410438759522,
        0.8339010229650533,
        0.8608293754499663,
        0.8899391608418159,
        0.9003375075148337,
        0.9043624048712868,
        0.9199616942765578,
        0.9282210971574364,
        0.9308602056413326,
        0.9407018887921699,
        0.9485316171586139,
        0.9499783538422495,
        0.9531597476335442,
        0.9554126749998368,
        0.9601873069439294,
        0.9644681620147993,
        0.9627659886887988,
        0.9679352318715749,
        0.9655801968754463,
        0.9739485585464621
    ],
    "val_loss": [
        7.225422441959381,
        6.860002428293228,
        7.377271930376689,
        6.7175322870413465,
        7.339994927247365,
        8.798084596792856,
        6.614421625932057,
        9.17509400844574,
        7.654036382834117,
        6.108232796192169,
        7.940423846244812,
        6.4359828134377794,
        7.3742247720559435,
        7.4296835064888,
        7.166915277640025,
        7.102207899093628,
        6.9124976595242815,
        6.728073060512543,
        6.240923206011455,
        6.966091096401215
    ],
    "val_acc": [
        0.2904575914144516,
        0.3113839278618495,
        0.3230406741301219,
        0.3408048103253047,
        0.3106708824634552,
        0.2826450914144516,
        0.3302021324634552,
        0.2898995528618495,
        0.3072916666666667,
        0.3407118072112401,
        0.2969680080811183,
        0.3349454353253047,
        0.3289930572112401,
        0.3210565497477849,
        0.3211495528618495,
        0.3368365565935771,
        0.3374255945285161,
        0.3518105149269104,
        0.3367435534795125,
        0.3205605149269104
    ],
    "val_auroc": [
        0.8053115010261536,
        0.816303014755249,
        0.8249697089195251,
        0.8276379108428955,
        0.8200770616531372,
        0.8036928772926331,
        0.8316470384597778,
        0.8085817694664001,
        0.8254598379135132,
        0.8439775705337524,
        0.81916743516922,
        0.8450649976730347,
        0.821745753288269,
        0.8273807168006897,
        0.8294544816017151,
        0.8262711763381958,
        0.8267898559570312,
        0.8353704214096069,
        0.8445923924446106,
        0.8321633338928223
    ]
}