{
    "train_loss": [
        11.420869837766924,
        6.513495823122421,
        5.878900375006334,
        4.81601523903181,
        4.165674746411401,
        3.9678397853419467,
        3.672108217605255,
        3.0532541979783736,
        3.201041210372493,
        2.79329839817383,
        2.6471777067244426,
        2.16424153810777,
        1.9631444661872193,
        2.020526278318849,
        1.6989190522229896,
        1.8416953709140513,
        1.9201047555455621,
        1.6111194795032717,
        1.2544361802766908,
        1.383893556189987
    ],
    "train_acc": [
        0.23565510177762253,
        0.34421031936159674,
        0.40809386387561103,
        0.45901605430639014,
        0.5017973147098373,
        0.5321189176361516,
        0.5591639771401508,
        0.6014176805814108,
        0.6038770274546161,
        0.6361769696451584,
        0.6561956926711701,
        0.692697989115925,
        0.7141157729820635,
        0.7096237795158002,
        0.7381041046208555,
        0.7281399991527293,
        0.7213050314465409,
        0.7563048245022131,
        0.7937510343467664,
        0.779406136311825
    ],
    "train_auroc": [
        0.7702757712430174,
        0.834774302986433,
        0.8586767810695576,
        0.8841918710642641,
        0.9022580306485014,
        0.9121719156421205,
        0.9179429213205973,
        0.9318901131737907,
        0.928778146048012,
        0.938076173734365,
        0.9434175045235352,
        0.951314129919376,
        0.9570654360753186,
        0.9556114549906749,
        0.964332068866154,
        0.9607248336264173,
        0.9583936513594862,
        0.9650555125572396,
        0.9699874235399114,
        0.9723852614186844
    ],
    "val_loss": [
        8.368934750556946,
        7.047888835271199,
        6.795221010843913,
        7.277879357337952,
        6.467556496461232,
        7.286638220151265,
        6.291934897502263,
        6.144225279490153,
        6.71959803501765,
        6.857193013032277,
        6.981140593687694,
        5.833820879459381,
        6.1090394258499146,
        6.833881517251332,
        6.561515380938848,
        8.572139461835226,
        6.420222620169322,
        6.266676247119904,
        7.505278368790944,
        7.442742506663005
    ],
    "val_acc": [
        0.2592385907967885,
        0.2943948407967885,
        0.3262648830811183,
        0.3159412195285161,
        0.3171812991301219,
        0.3184523830811183,
        0.3388206859429677,
        0.3203435043493907,
        0.3348834315935771,
        0.3248387898008029,
        0.3210565497477849,
        0.3635602692763011,
        0.3486483146746953,
        0.3374255945285161,
        0.3434709856907527,
        0.3322172611951828,
        0.3490513414144516,
        0.355778768658638,
        0.3170882960160573,
        0.3133680572112401
    ],
    "val_auroc": [
        0.08903534958759944,
        0.08982285919288795,
        0.0883718729019165,
        0.09055066232879956,
        0.09004058813055356,
        0.09123634546995163,
        0.09224765313168366,
        0.09229966190954049,
        0.09212555674215157,
        0.09182893795271714,
        0.09068845026195049,
        0.09206769553323586,
        0.0920900038133065,
        0.09160474066932996,
        0.09098808467388153,
        0.08864706568419933,
        0.093907721961538,
        0.09164016010860603,
        0.08976524695754051,
        0.09040726969639461
    ]
}