{
    "train_loss": [
        3.0688226342950977,
        1.9927903113874998,
        1.730985700709265,
        1.5432665925355826,
        1.394389882027728,
        1.2525433200710225,
        1.1779364894770976,
        1.0842763744060349,
        0.9956192696619334,
        0.9177356201147883,
        0.8685693043582844,
        0.7974430416365089,
        0.7522178802100368,
        0.7118043361594842,
        0.6729866530535356,
        0.6184492677262744,
        0.5801270339848861,
        0.5378439664465826,
        0.5180502642625533,
        0.4950154185669977
    ],
    "train_acc": [
        0.286890206097057,
        0.4258859856698498,
        0.4950166543324788,
        0.54615866013293,
        0.5892321459902158,
        0.6347236014762014,
        0.6593558630853329,
        0.6829769738815116,
        0.710689238032455,
        0.731703595545307,
        0.747000165705411,
        0.7668042452830188,
        0.7843662073027413,
        0.7946665013361277,
        0.8059727740737627,
        0.8243105553980893,
        0.8339100255156463,
        0.8459610849056604,
        0.8521909136442268,
        0.8583483324860627
    ],
    "train_auroc": [
        0.8135180184676213,
        0.900775467449764,
        0.9206956336333317,
        0.9383612537533982,
        0.9470704610242784,
        0.9547039019236775,
        0.9578212780772515,
        0.96175661476903,
        0.9655364545636207,
        0.9695426638021409,
        0.9727027779855069,
        0.9718464144370841,
        0.9735533283941401,
        0.9768202323583687,
        0.9794248994791283,
        0.9794147411982218,
        0.981513299282242,
        0.9815699495609451,
        0.9810963010638015,
        0.9826318674117515
    ],
    "val_loss": [
        2.098658005396525,
        1.9755419592062633,
        1.909142181277275,
        1.8354852000872295,
        1.769149824976921,
        1.7893140415350597,
        1.7235312014818192,
        1.7023889422416687,
        1.7126986384391785,
        1.7637588481108348,
        1.7172571867704391,
        1.7260728925466537,
        1.7459616959095001,
        1.7631241033474605,
        1.7858448723951976,
        1.784895400206248,
        1.7980835487445195,
        1.795562853415807,
        1.8556555062532425,
        1.8316129446029663
    ],
    "val_acc": [
        0.4020027269919713,
        0.416325643658638,
        0.4423053065935771,
        0.4632316480080287,
        0.4814608146746953,
        0.4800967276096344,
        0.4958457350730896,
        0.4976748526096344,
        0.5015811026096344,
        0.498356893658638,
        0.5055803606907526,
        0.5074714769919714,
        0.5134238600730896,
        0.5042472730080286,
        0.5121217767397562,
        0.5191592276096344,
        0.522538443406423,
        0.5193142394224802,
        0.5245225727558136,
        0.533637156089147
    ],
    "val_auroc": [
        0.8915063738822937,
        0.9050758481025696,
        0.9172773361206055,
        0.9180876612663269,
        0.925401508808136,
        0.9262920618057251,
        0.9284497499465942,
        0.9307059049606323,
        0.9335408806800842,
        0.9316665530204773,
        0.9332128167152405,
        0.9336389303207397,
        0.9320857524871826,
        0.9317373633384705,
        0.9319009184837341,
        0.9334891438484192,
        0.9334832429885864,
        0.9346246123313904,
        0.9317334890365601,
        0.9309915900230408
    ]
}