{
    "train_loss": [
        2.3284431032414705,
        1.5724278527235835,
        1.34516800555793,
        1.1933229531881944,
        1.0710795420520711,
        0.9917847105542069,
        0.9075578946924809,
        0.8343195342605219,
        0.7770881884315479,
        0.7112694749104902,
        0.6710054491113566,
        0.5978200653064176,
        0.5601884080272801,
        0.5001032838843903,
        0.4586409291006484,
        0.41021206656342035,
        0.373914435552726,
        0.3309270542981865,
        0.3013641394955932,
        0.2655847635143583
    ],
    "train_acc": [
        0.3106492400731681,
        0.5106132075471698,
        0.5758647798742138,
        0.6185469078192921,
        0.6566922169811321,
        0.683372641509434,
        0.7068265200410999,
        0.7319837527455024,
        0.743333988594559,
        0.7647569445694018,
        0.7769752358490566,
        0.8013463050314465,
        0.8122870807752669,
        0.8315317087203452,
        0.8445852987421384,
        0.8592931080914143,
        0.8740009172532544,
        0.8882828879656282,
        0.8988142034167763,
        0.9111143867924528
    ],
    "train_auroc": [
        0.7694197814419584,
        0.8465504093365099,
        0.8555512022484774,
        0.861708125415838,
        0.8757099043460762,
        0.8751036090858327,
        0.8787173094614497,
        0.8783037467572674,
        0.8812288373896161,
        0.8847152899083851,
        0.8865723623982016,
        0.8832469855277043,
        0.8849110135679725,
        0.8893413102289416,
        0.8895704255164044,
        0.8891917813873891,
        0.8889772813275175,
        0.8934249494623088,
        0.8886562820125676,
        0.8917689857617864
    ],
    "val_loss": [
        1.6469401820846226,
        1.3352615768494813,
        1.203667762486831,
        1.2158676275740499,
        1.103145393340484,
        1.0223768586697786,
        0.9896420739267183,
        0.9427236661962841,
        0.9052071448253549,
        0.8550384595342304,
        0.8882659155389537,
        0.8535378439270932,
        0.8460724444493003,
        0.812520753349299,
        0.9138128303963206,
        0.8473137221906496,
        0.8386441495107568,
        0.8658292643401934,
        0.8906047830115194,
        0.9382702270927636
    ],
    "val_acc": [
        0.4848602491876353,
        0.5763134075247723,
        0.602160974689152,
        0.6130628896796185,
        0.6503946703413258,
        0.6694487592448359,
        0.6836503640465115,
        0.690799689811209,
        0.6966226722883142,
        0.7237642355587172,
        0.7142210162204244,
        0.7261904763138812,
        0.742785974689152,
        0.7502588007761084,
        0.7302342134973278,
        0.7472179091495016,
        0.7526850415312726,
        0.7424624743668929,
        0.7489324548970098,
        0.7438211700190669
    ],
    "val_auroc": [
        0.9418792724609375,
        0.961329996585846,
        0.9684950709342957,
        0.9680847525596619,
        0.9735404253005981,
        0.9777035117149353,
        0.978592574596405,
        0.9806994795799255,
        0.9820020198822021,
        0.9827389717102051,
        0.983367919921875,
        0.9844157695770264,
        0.9841029047966003,
        0.9853443503379822,
        0.9834531545639038,
        0.9858359694480896,
        0.9853596091270447,
        0.9851704239845276,
        0.985200047492981,
        0.9851554036140442
    ]
}