{
    "train_loss": [
        2.032860474766425,
        1.3686485845337875,
        0.9751334715189424,
        0.6450302717070909,
        0.39543661381463585,
        0.2423651635459384,
        0.15426102913213227,
        0.10070885699125207,
        0.07275876473143415,
        0.05455872046310197,
        0.043198447662798116
    ],
    "train_acc": [
        0.4299047293153199,
        0.6223079071104901,
        0.7561134557304142,
        0.8662125539479766,
        0.9376577498777857,
        0.9742686609802006,
        0.9890428459119497,
        0.995626965408805,
        0.9976415094339622,
        0.9987224842767296,
        0.999312106918239
    ],
    "train_auroc": [
        0.894836407974831,
        0.9522454202550013,
        0.9733816793879623,
        0.9857541862523781,
        0.9884388026951244,
        0.9876165461240325,
        0.9871601814743858,
        0.9869698128610287,
        0.9889346949709287,
        0.9885047141860865,
        0.9902392715777991
    ],
    "val_loss": [
        1.5573664903640747,
        1.301015282670657,
        1.1778629173835118,
        1.0784189105033875,
        1.0559217060605686,
        1.022563949227333,
        1.005480671922366,
        1.0026966234048207,
        1.0016137932737668,
        1.0064558237791061,
        0.9964250127474467
    ],
    "val_acc": [
        0.5680183519919714,
        0.6234189023574194,
        0.656684031089147,
        0.6834387431542078,
        0.6846788227558136,
        0.7029079894224802,
        0.699652781089147,
        0.7042100727558136,
        0.7074962804714838,
        0.6983506977558136,
        0.7035900304714838
    ],
    "val_auroc": [
        0.9504625797271729,
        0.9647024869918823,
        0.9703763723373413,
        0.9732305407524109,
        0.9737398624420166,
        0.9744802713394165,
        0.9745398759841919,
        0.9737807512283325,
        0.9736014604568481,
        0.9739837646484375,
        0.974087655544281
    ]
}