{
    "train_loss": [
        2.055878478775984,
        1.4452080794100493,
        1.1044255000240397,
        0.8358572444076058,
        0.6118516016681239,
        0.4381422201792399,
        0.3106850621835241,
        0.2207652933942447,
        0.1647717017891272,
        0.12273936812420311,
        0.09613589647243607,
        0.07782117771746228,
        0.06383204242249704,
        0.05414629341015276,
        0.04692771438064065,
        0.040535890819422854,
        0.03574828582130513,
        0.03237917337496326,
        0.028719959991439333,
        0.026800541792931797
    ],
    "train_acc": [
        0.41767005950399916,
        0.6014202664483268,
        0.7125098270440252,
        0.7985947327044025,
        0.8758301266334342,
        0.9299926555381631,
        0.9616409094078736,
        0.9789209905660378,
        0.9875015515201496,
        0.9941192899110183,
        0.9960846987160497,
        0.9977397798742138,
        0.9984768081761006,
        0.9987716194968553,
        0.999312106918239,
        0.9992629716981132,
        0.9995086477987422,
        0.9996560534591195,
        0.9997051886792453,
        0.9996560534591195
    ],
    "train_auroc": [
        0.8950341700008081,
        0.9518761053775091,
        0.9693603455645483,
        0.9785312519133466,
        0.9876208815184779,
        0.9891169239889901,
        0.989476831829023,
        0.9896598698208167,
        0.9860725297867877,
        0.9900086679548588,
        0.9891469969689471,
        0.9898037895466547,
        0.9911079193061253,
        0.9874197934408607,
        0.9887226160217382,
        0.9891560092662115,
        0.9902388419745103,
        0.9898066269526692,
        0.9874213802739509,
        0.989806980082074
    ],
    "val_loss": [
        1.6357565919558208,
        1.389711285630862,
        1.2137284378210704,
        1.1146607448657353,
        1.075289415816466,
        1.0307049751281738,
        0.9953690096735954,
        0.9901717230677605,
        0.9967146515846252,
        0.9883039221167564,
        0.972288466989994,
        0.9695023695627848,
        0.9600471928715706,
        0.9597883895039558,
        0.9609652931491534,
        0.9631003414591154,
        0.964580645163854,
        0.9672224223613739,
        0.9647319639722506,
        0.9703733772039413
    ],
    "val_acc": [
        0.536055306593577,
        0.588324656089147,
        0.643012156089147,
        0.674262156089147,
        0.6782304098208746,
        0.6892361144224802,
        0.6938864092032114,
        0.6964595764875412,
        0.6899491598208746,
        0.6984127014875412,
        0.7101624508698782,
        0.7055741598208746,
        0.7055741598208746,
        0.7081783264875412,
        0.7062252014875412,
        0.7140687008698782,
        0.7088293681542078,
        0.7081783264875412,
        0.7160218258698782,
        0.7173549135526022
    ],
    "val_auroc": [
        0.9462186694145203,
        0.9605817794799805,
        0.9685841798782349,
        0.9733698964118958,
        0.9729866981506348,
        0.9754447937011719,
        0.9758734107017517,
        0.9756246209144592,
        0.9753887057304382,
        0.975600004196167,
        0.9754950404167175,
        0.9761443138122559,
        0.9766044020652771,
        0.9760851860046387,
        0.9762386679649353,
        0.9760975241661072,
        0.9761936068534851,
        0.9758492708206177,
        0.9761797785758972,
        0.9755886793136597
    ]
}