{
    "train_loss": [
        1.9371145783730273,
        1.2429932730752717,
        0.8228820457398517,
        0.49283027817618175,
        0.27284210329910497,
        0.15437642161576254,
        0.09392118594556484,
        0.0647120199535253,
        0.04778394274085573,
        0.03763092194431983,
        0.031208451813871756,
        0.026322822314950655,
        0.022367840492219297,
        0.019803967121871387,
        0.017685855850108765,
        0.01597399626559806,
        0.014557325820081264,
        0.013287520006814468,
        0.012049029686681504,
        0.011493740972342356
    ],
    "train_acc": [
        0.46303738400621236,
        0.6711457300486054,
        0.8144059293674972,
        0.9175459285202267,
        0.9729420100368044,
        0.991499606918239,
        0.996919997458188,
        0.9983294025157232,
        0.9991647012578616,
        0.9994595125786163,
        0.999754323899371,
        0.9996069182389937,
        0.9998034591194969,
        0.999754323899371,
        0.9998034591194969,
        0.999754323899371,
        0.999754323899371,
        0.9998034591194969,
        0.9998034591194969,
        0.9997051886792453
    ],
    "train_auroc": [
        0.9059078311020473,
        0.9632819950955469,
        0.9817799307265371,
        0.9865605017674044,
        0.989492876349755,
        0.9891257522241125,
        0.988715629907524,
        0.988071546239673,
        0.9889377910386091,
        0.9891532562063925,
        0.9889389104063406,
        0.9874213802739509,
        0.9904575985182756,
        0.9876382523362741,
        0.9891563620207444,
        0.9906744709554708,
        0.9902407249564644,
        0.9882888700227318,
        0.9874213795242069,
        0.9893732344579397
    ],
    "val_loss": [
        1.5598805248737335,
        1.2535736560821533,
        1.1712788939476013,
        1.0829123482108116,
        1.0374576921264331,
        1.019505113363266,
        1.0059087326129277,
        0.9957724958658218,
        0.9929045637448629,
        1.0027728105584781,
        0.9996540447076162,
        0.9927423273523649,
        0.9931330407659212,
        0.9917643939455351,
        0.992345872024695,
        0.9912155270576477,
        0.9907147412498792,
        0.9917161713043848,
        0.9947447354594866,
        0.9969569245974222
    ],
    "val_acc": [
        0.565476194024086,
        0.6456163227558136,
        0.654730906089147,
        0.6795014888048172,
        0.6990637431542078,
        0.7010478675365448,
        0.7003348221381506,
        0.7120845764875412,
        0.7069072425365448,
        0.7036520342032114,
        0.7049541175365448,
        0.7101934552192688,
        0.7101934552192688,
        0.7088603675365448,
        0.7134486635526022,
        0.7114645342032114,
        0.7068762431542078,
        0.7069072425365448,
        0.7082093258698782,
        0.7062252014875412
    ],
    "val_auroc": [
        0.9517896175384521,
        0.9673546552658081,
        0.9706211686134338,
        0.9725759029388428,
        0.9741684198379517,
        0.9744426012039185,
        0.9747812151908875,
        0.9746354222297668,
        0.9744822978973389,
        0.9732212424278259,
        0.9739137887954712,
        0.9742127656936646,
        0.9738994836807251,
        0.9742974638938904,
        0.9740128517150879,
        0.9739699363708496,
        0.9740634560585022,
        0.9740704298019409,
        0.973738968372345,
        0.9737305641174316
    ]
}