{
    "train_loss": [
        3.077313928484167,
        2.3676269519254096,
        2.0692599172112325,
        1.921119028667234,
        1.8219015830717746,
        1.7367879677118745,
        1.6633464390376829,
        1.603566957719671,
        1.5470902252497163,
        1.4985463919129762,
        1.4460663405604333,
        1.4163037680979795,
        1.3713974232943553,
        1.3174686431884766,
        1.2819970523786244,
        1.2549630575959787,
        1.2176976203918457,
        1.1789117552949198,
        1.1479822277273022,
        1.1226456637652416
    ],
    "train_acc": [
        0.1361381786424409,
        0.3020833333333333,
        0.37514740566037735,
        0.4160770440251572,
        0.4442315251572327,
        0.4650002069443277,
        0.48891354281947297,
        0.5081409302147679,
        0.5269079982484661,
        0.5381056561410053,
        0.5489309208947908,
        0.5625956843858995,
        0.5739847110502375,
        0.587313286163522,
        0.5976601291752461,
        0.6092819016684526,
        0.612979973637083,
        0.6285998015283788,
        0.6386802796297854,
        0.6466970788607808
    ],
    "train_auroc": [
        0.7033549001756704,
        0.854702428826746,
        0.8929565631368626,
        0.9093877125836018,
        0.915671539381615,
        0.922604648572094,
        0.9295369004303554,
        0.933282214890486,
        0.9355305219596287,
        0.9404839468452165,
        0.9414636721401095,
        0.9441968892355385,
        0.9506506406286228,
        0.9523359136011615,
        0.955987959537866,
        0.9519007502111999,
        0.9552106182530241,
        0.9568875184598958,
        0.9626945107238097,
        0.9610290621061744
    ],
    "val_loss": [
        2.674487213293711,
        2.1743971904118857,
        1.9413300553957622,
        1.815829078356425,
        1.744551012913386,
        1.679190769791603,
        1.628742019335429,
        1.5579130450884502,
        1.5451839168866475,
        1.4930303146441777,
        1.48605082432429,
        1.4538600196441014,
        1.419885089000066,
        1.4017150749762852,
        1.348436454931895,
        1.3420135974884033,
        1.3789601077636082,
        1.3298943241437275,
        1.3187685906887054,
        1.2885186821222305
    ],
    "val_acc": [
        0.2733754962682724,
        0.37890625,
        0.4397321442763011,
        0.4703621019919713,
        0.487351194024086,
        0.4996589769919713,
        0.517888143658638,
        0.527033731341362,
        0.5262586822112402,
        0.5419766853253046,
        0.5431857655445734,
        0.545231893658638,
        0.569258431593577,
        0.5718936026096344,
        0.5901847730080286,
        0.5849144359429678,
        0.5790550609429678,
        0.589533731341362,
        0.594773069024086,
        0.6025545646746954
    ],
    "val_auroc": [
        0.849496066570282,
        0.9050261378288269,
        0.920484185218811,
        0.9289326071739197,
        0.9324812889099121,
        0.9380462765693665,
        0.9418526887893677,
        0.9448645710945129,
        0.9471127986907959,
        0.9492970705032349,
        0.9499354362487793,
        0.9518222212791443,
        0.9544782638549805,
        0.954477846622467,
        0.9573822021484375,
        0.9582492709159851,
        0.9566039443016052,
        0.9578201770782471,
        0.9591019749641418,
        0.9604093432426453
    ]
}