{
    "train_loss": [
        2.1431672123243226,
        1.5193348148333952,
        1.2110997637112935,
        0.9659437267285473,
        0.7646050760581059,
        0.5877299483092326,
        0.450400358663415,
        0.3412234842214944,
        0.2645659017487892,
        0.20772789952889928,
        0.1596952315958791,
        0.130482720597735,
        0.11012501564790618,
        0.08944094464557725,
        0.07809979559959106,
        0.06609948410553003,
        0.05807250464018786,
        0.05235501453749039,
        0.04671981852243906,
        0.04052001439362952
    ],
    "train_acc": [
        0.3930946912780498,
        0.5737054164304674,
        0.6686088007950933,
        0.7491957339100868,
        0.813353401310039,
        0.8740897054942149,
        0.9150891675139373,
        0.9442599719425417,
        0.9637045886531566,
        0.9772167741877478,
        0.985668032049383,
        0.9900720996676751,
        0.9925314465408805,
        0.9952830188679245,
        0.995626965408805,
        0.9974941037735849,
        0.9977061609802006,
        0.9981328616352201,
        0.9987716194968553,
        0.9991155660377359
    ],
    "train_auroc": [
        0.8786762531073589,
        0.9420463191638203,
        0.9616220143606078,
        0.9744287706770987,
        0.9825220827786427,
        0.9844491646724677,
        0.9844586714258734,
        0.9882660763068769,
        0.9892320235570272,
        0.9891854048525013,
        0.9856108764432511,
        0.9917321448805947,
        0.9878321428718807,
        0.9880686690972286,
        0.9893648343266181,
        0.9889363425332796,
        0.9902384828471538,
        0.9904550104021276,
        0.9854612316725389,
        0.9898064432653991
    ],
    "val_loss": [
        1.6501559267441432,
        1.35109577079614,
        1.2318583279848099,
        1.1293278535207112,
        1.0783390899499257,
        1.0422693639993668,
        1.0246451944112778,
        0.980172095199426,
        0.9692130958040556,
        0.9709767575065295,
        0.957819918791453,
        0.9646947210033735,
        0.953782744705677,
        0.9487479577461878,
        0.9540540451804796,
        0.9546462496121725,
        0.954923133055369,
        0.9466883863011996,
        0.9634757364789645,
        0.9595268070697784
    ],
    "val_acc": [
        0.535466268658638,
        0.609685018658638,
        0.6371217767397562,
        0.678168406089147,
        0.6820436517397562,
        0.696366568406423,
        0.690507193406423,
        0.7029079894224802,
        0.705512156089147,
        0.7054811517397562,
        0.7054811517397562,
        0.7126736144224802,
        0.7146267394224802,
        0.7126426100730896,
        0.7166418681542078,
        0.7198350727558136,
        0.7107204894224802,
        0.7165798644224802,
        0.7145957350730896,
        0.713944693406423
    ],
    "val_auroc": [
        0.9462792873382568,
        0.962715744972229,
        0.9679152369499207,
        0.9712802767753601,
        0.9735910892486572,
        0.9752241373062134,
        0.9745990037918091,
        0.9756886959075928,
        0.9761320352554321,
        0.9756827354431152,
        0.9757378697395325,
        0.9750379323959351,
        0.975970447063446,
        0.9759024977684021,
        0.9753615856170654,
        0.9756098985671997,
        0.9747220873832703,
        0.9755655527114868,
        0.9746364951133728,
        0.9753590822219849
    ]
}