{
    "accuracy": 0.7431340967455218,
    "auroc": 0.9850211143493652
}