{
    "train_loss": [
        2.005440560526818,
        1.2939306287645544,
        0.8523661003172772,
        0.5058619771738472,
        0.2748182715859803,
        0.154312161342153,
        0.09041966052737625,
        0.06028252673692673,
        0.04441302197065743,
        0.035136434876319,
        0.028727480520804722,
        0.024229944900334255,
        0.02061227191263025,
        0.01826425714992315,
        0.016240948940035683,
        0.014705600123266754,
        0.013601160801525385,
        0.012155052432614678,
        0.011224747732070819,
        0.010936561503312873
    ],
    "train_acc": [
        0.43765257776908156,
        0.6528855303548416,
        0.8062779296119258,
        0.9129427341545153,
        0.9708266097044794,
        0.9897126364258101,
        0.9974941037735849,
        0.9988854062632195,
        0.999312106918239,
        0.9996560534591195,
        0.9996560534591195,
        0.9997051886792453,
        0.9998034591194969,
        0.9998034591194969,
        0.9998034591194969,
        0.9998034591194969,
        0.9998034591194969,
        0.9998034591194969,
        0.9998034591194969,
        0.999754323899371
    ],
    "train_auroc": [
        0.8995239682167581,
        0.9583707133179191,
        0.9786193014690711,
        0.9843387832431674,
        0.9892487087339725,
        0.9891011793658419,
        0.9895810140003948,
        0.9867696046079479,
        0.9891541600227356,
        0.9895880064874325,
        0.9869876335252006,
        0.9882888703976037,
        0.9891563608961286,
        0.986337015838743,
        0.9887226163966101,
        0.9895898808473311,
        0.9880719968357926,
        0.9856863985271573,
        0.9893732352076836,
        0.9891563620207444
    ],
    "val_loss": [
        1.642786035935084,
        1.2723373572031658,
        1.1599291861057281,
        1.0902953470746677,
        1.0765901853640873,
        1.023879696925481,
        1.0258520742257435,
        1.0198688457409542,
        1.015061855316162,
        1.0104356780648232,
        1.0163423766692479,
        1.0168443595369656,
        1.0101438586910565,
        1.0140832960605621,
        1.0085056995352109,
        1.0113952433069546,
        1.0097341711322467,
        1.0115819896260898,
        1.013167070845763,
        1.014571189880371
    ],
    "val_acc": [
        0.5480220764875412,
        0.619574656089147,
        0.6560329894224802,
        0.6788814514875412,
        0.6736731181542078,
        0.695746531089147,
        0.7029389888048172,
        0.6977306554714838,
        0.7062562008698782,
        0.7056051592032114,
        0.7009858638048172,
        0.7055431554714838,
        0.7074962804714838,
        0.7055431554714838,
        0.7068762431542078,
        0.7101004471381506,
        0.7055741598208746,
        0.7042410721381506,
        0.6983506977558136,
        0.7048921138048172
    ],
    "val_auroc": [
        0.9465768933296204,
        0.9664245843887329,
        0.9703699350357056,
        0.9726196527481079,
        0.9720202684402466,
        0.9746216535568237,
        0.9741241335868835,
        0.9738719463348389,
        0.9738025069236755,
        0.9738413691520691,
        0.9732571244239807,
        0.973511815071106,
        0.9738369584083557,
        0.9734236598014832,
        0.973326563835144,
        0.9734162092208862,
        0.9732034802436829,
        0.9732368588447571,
        0.9731797575950623,
        0.9731718897819519
    ]
}