{
    "train_loss": [
        2.465522755616866,
        2.0126926651540793,
        1.827262765956375,
        1.692994718281728,
        1.5771407961095654,
        1.4758594590912826,
        1.3824246150892485,
        1.3051600951068807,
        1.2167929332211334,
        1.140570435883864,
        1.0839890665228262,
        1.0152477801970716,
        0.9437878019404862,
        0.8977180861826962,
        0.8303768522334549,
        0.7755107156135751,
        0.7271813765261907,
        0.6940114320074238,
        0.6519272226207661,
        0.6164144787398524
    ],
    "train_acc": [
        0.2847773916316482,
        0.40162353114511984,
        0.4533499876658122,
        0.49729497683872964,
        0.5303138447632579,
        0.5613259268256853,
        0.5877374007641895,
        0.6102982249649815,
        0.6371622599145901,
        0.6591438058787172,
        0.6817977285984927,
        0.6965848436145663,
        0.7188637867663641,
        0.732916459722339,
        0.757318561931826,
        0.7716660462085556,
        0.7873815582983149,
        0.7964017503666427,
        0.8074287281096356,
        0.8199426929155985
    ],
    "train_auroc": [
        0.8360577100103006,
        0.8935795816235572,
        0.916910766055749,
        0.9262152670314477,
        0.9369271138928971,
        0.9406028161258817,
        0.9481485737194805,
        0.9540271534110015,
        0.9559520164375785,
        0.9633853075639257,
        0.9641697545471432,
        0.9646907726173881,
        0.9689371694558822,
        0.9724170681815477,
        0.9726513455498893,
        0.9771422099017497,
        0.9791727827030158,
        0.9769200915060703,
        0.9802885936491145,
        0.9778346153175306
    ],
    "val_loss": [
        2.0655763347943625,
        1.8943734367688496,
        1.8008747696876526,
        1.7549403806527455,
        1.6873464733362198,
        1.6735254128774006,
        1.6215879321098328,
        1.6203324248393376,
        1.59782708187898,
        1.5911455601453781,
        1.5967227568229039,
        1.5802530199289322,
        1.5837211509545643,
        1.5868466794490814,
        1.583877871433894,
        1.608643725514412,
        1.6196264227231343,
        1.6601729889710743,
        1.6581454972426097,
        1.6760747979084651
    ],
    "val_acc": [
        0.3888268868128459,
        0.4313616106907527,
        0.4552951405445735,
        0.4748883942763011,
        0.4887462804714839,
        0.491877481341362,
        0.5167100727558136,
        0.5159660230080286,
        0.5113777269919714,
        0.532304068406423,
        0.5322420646746954,
        0.5407366106907526,
        0.5374503980080286,
        0.5407366106907526,
        0.543402781089147,
        0.545355906089147,
        0.5479910721381506,
        0.5368303606907526,
        0.532304068406423,
        0.540116568406423
    ],
    "val_auroc": [
        0.09799459079901378,
        0.0994427539408207,
        0.10082269087433815,
        0.1010765836884578,
        0.10200359796484311,
        0.10204070371886094,
        0.10292577929794788,
        0.10299333247045676,
        0.1031236747900645,
        0.10344063863158226,
        0.10319809367259343,
        0.10361494372288386,
        0.10342531278729439,
        0.10357763928671677,
        0.10339709868033727,
        0.1036130463083585,
        0.10343632598718007,
        0.10337222802142303,
        0.10338805926342805,
        0.10394458286464214
    ]
}