{
    "train_loss": [
        2.3652692812043914,
        1.64149442858666,
        1.3782560576058034,
        1.2226404345260475,
        1.1146397789319356,
        1.0308672358404916,
        0.9416976882226812,
        0.8736701187847545,
        0.8050120575997814,
        0.7418826965603439,
        0.6969543429290723,
        0.6390175945916265,
        0.5943271606785696,
        0.5497838574572929,
        0.4998015945531287,
        0.4542649339111346,
        0.42611556551741353,
        0.38048010216381567,
        0.34594185767496155,
        0.3162830205599092
    ],
    "train_acc": [
        0.2972353250725464,
        0.48720846442306565,
        0.56435076002055,
        0.6136497641509434,
        0.6463901991926649,
        0.6719077568758959,
        0.6985718030599678,
        0.7170630241714934,
        0.7374705188679245,
        0.7564039571480181,
        0.7693428983853298,
        0.7901270964985374,
        0.8035410115928769,
        0.8177083333333334,
        0.8340212264150944,
        0.8477135744859587,
        0.8530693134796694,
        0.8729199424104871,
        0.8828780137517918,
        0.8942446279450782
    ],
    "train_auroc": [
        0.7655603282106748,
        0.8434105865985343,
        0.8551415133776155,
        0.8636762037779551,
        0.8672827985489143,
        0.867654339603658,
        0.8797091826702814,
        0.8801887818852311,
        0.8797984844858542,
        0.8858585383907054,
        0.8839366906468973,
        0.890404575838233,
        0.8862936006589506,
        0.8884620056399759,
        0.890448493777581,
        0.8904174406011149,
        0.8866148627591584,
        0.8879603081904117,
        0.8891590415681683,
        0.8908676362637454
    ],
    "val_loss": [
        1.7051563340684641,
        1.3957246412401614,
        1.2938279781652533,
        1.1900493347126504,
        1.1567342326692913,
        1.0666382597840351,
        0.9648178465988325,
        0.9135623762141103,
        0.945389572692954,
        0.8703106356703717,
        0.9534523422303407,
        0.8887046510758607,
        0.8450929156464079,
        0.858212991901066,
        0.7940270453691483,
        0.852186346831529,
        0.8294953295718068,
        0.870519904176826,
        0.8607387853705365,
        0.8956751318081565
    ],
    "val_acc": [
        0.4706262946128845,
        0.561011905255525,
        0.5945910966914633,
        0.6241912530816119,
        0.6327639766361403,
        0.6568322985068612,
        0.6840385613234147,
        0.6983048656712407,
        0.7016692550286002,
        0.7200439961060233,
        0.7030279506807742,
        0.7166472569755886,
        0.7332751051239346,
        0.7377070395842843,
        0.7523291940274446,
        0.7445005178451538,
        0.7533320395842843,
        0.7529761920804563,
        0.744856367940488,
        0.7512939961060233
    ],
    "val_auroc": [
        0.9384393095970154,
        0.9584300518035889,
        0.9659625291824341,
        0.9705861806869507,
        0.9719310402870178,
        0.976999044418335,
        0.9786827564239502,
        0.9808704853057861,
        0.9806009531021118,
        0.9831339716911316,
        0.9819581508636475,
        0.9834034442901611,
        0.9846891164779663,
        0.9848536849021912,
        0.9863073825836182,
        0.9856398701667786,
        0.985431969165802,
        0.9856192469596863,
        0.9860813021659851,
        0.985161542892456
    ]
}