{
    "train_loss": [
        2.3007193188997186,
        1.566292273923286,
        1.3163979996300343,
        1.165033405869262,
        1.045594965511898,
        0.9522862951710539,
        0.8654500734318727,
        0.7830750004113095
    ],
    "train_acc": [
        0.3097156708907781,
        0.507353904674638,
        0.5797955974842768,
        0.6278662212989615,
        0.6645047169811321,
        0.6906774109639462,
        0.7169811320754716,
        0.74402188167632
    ],
    "train_auroc": [
        0.7697853634379944,
        0.8513330673834063,
        0.8625758050372766,
        0.867189125726058,
        0.873100684030251,
        0.8794692396742743,
        0.8795495524346454,
        0.8787053234922061
    ],
    "val_loss": [
        1.7384924266649329,
        1.3453562220801478,
        1.233722500179125,
        1.153794197284657,
        1.0769129486187645,
        1.0231928345949755,
        1.0371899721415148,
        0.9961887669304142
    ],
    "val_acc": [
        0.4620859208314315,
        0.5694875794908275,
        0.5981172375057054,
        0.6304024328356204,
        0.6477096288100533,
        0.6707427553508593,
        0.6698046067486638,
        0.6796066268630649
    ],
    "val_auroc": [
        0.9382655024528503,
        0.9620004892349243,
        0.9676083326339722,
        0.9710955619812012,
        0.974903404712677,
        0.9776310324668884,
        0.9781360030174255,
        0.9802216291427612
    ]
}