{
    "train_loss": [
        3.0065329254798168,
        2.362427736978111,
        2.078644480345384,
        1.91053499065855,
        1.8085600400120958,
        1.7255745271466814,
        1.656283330617461,
        1.583592840710526,
        1.5271287204334572,
        1.473671036696284,
        1.422875390862519,
        1.3787962183262568,
        1.32432666027321,
        1.28821569568706,
        1.2372897038669706,
        1.2000348575460087,
        1.1553200981901877,
        1.11294450287549,
        1.0671034938884232,
        1.0277096677876119
    ],
    "train_acc": [
        0.15220022342115078,
        0.30096356748784864,
        0.37410780787467957,
        0.4202768124124539,
        0.4476011669110952,
        0.4687344836738874,
        0.4921693976195353,
        0.5146112629452592,
        0.5307483035813337,
        0.5423080107700899,
        0.5588846821455086,
        0.5749493132597245,
        0.5897079814904891,
        0.601342684442892,
        0.6153229478770083,
        0.6249612089972826,
        0.6400845125786163,
        0.6445144407404294,
        0.6600127235148687,
        0.6745877813243266
    ],
    "train_auroc": [
        0.7237451361410273,
        0.8565263991835732,
        0.8911064589548411,
        0.9069254664505053,
        0.9149718505781401,
        0.9220642702384565,
        0.9276737315849688,
        0.9353526152154934,
        0.9378541584284801,
        0.9411767631206872,
        0.9439951916160824,
        0.9472481484683055,
        0.9538906096662365,
        0.9534233808517456,
        0.9553913511570145,
        0.9564106243211519,
        0.9613543778845349,
        0.9639540172223026,
        0.9661354070189614,
        0.9648224332797453
    ],
    "val_loss": [
        2.472784419854482,
        2.0811391174793243,
        1.8593101004759471,
        1.7583071092764537,
        1.6604478061199188,
        1.604247768719991,
        1.5488714824120204,
        1.5233389685551326,
        1.4748624314864476,
        1.457849457859993,
        1.3910347868998845,
        1.4004049052794774,
        1.3389340092738469,
        1.3108179171880086,
        1.3010415782531102,
        1.307443191607793,
        1.2666412244240444,
        1.2453621129194896,
        1.2741404175758362,
        1.2563259899616241
    ],
    "val_acc": [
        0.3007502481341362,
        0.3855096747477849,
        0.4449714769919713,
        0.4677579353253047,
        0.5009920646746954,
        0.5165860603253046,
        0.517268106341362,
        0.537388394276301,
        0.5433097730080286,
        0.554966519276301,
        0.5661272356907526,
        0.5680803606907526,
        0.5680803606907526,
        0.581101194024086,
        0.5941530267397562,
        0.585007444024086,
        0.6019345273574194,
        0.6169704894224802,
        0.609685018658638,
        0.612971231341362
    ],
    "val_auroc": [
        0.8627753257751465,
        0.9033620357513428,
        0.9207221865653992,
        0.9281684756278992,
        0.9360842108726501,
        0.9404826760292053,
        0.9442881941795349,
        0.9469975233078003,
        0.9495694637298584,
        0.9519733786582947,
        0.9543557167053223,
        0.9550920724868774,
        0.9583930969238281,
        0.9591349363327026,
        0.9600339531898499,
        0.9590098857879639,
        0.9616216421127319,
        0.963064968585968,
        0.9622157216072083,
        0.9631955623626709
    ]
}