{
    "train_loss": [
        3.049682434249974,
        2.409433676761651,
        2.070536023415859,
        1.8990372704260003,
        1.7967763044549234,
        1.704274444460119,
        1.6279274480147932,
        1.5569579556303204,
        1.4981724998486117,
        1.44155541530945,
        1.3804846747116473,
        1.3320464285664588,
        1.2822998484725472,
        1.234551708278416,
        1.1889732333849061,
        1.14074828977105,
        1.0975638699231658,
        1.0463421554685388,
        0.9999719179651272,
        0.9585001746063713
    ],
    "train_acc": [
        0.1351839209315162,
        0.2921321583244036,
        0.38269871323363586,
        0.4180424528301887,
        0.44971139532215193,
        0.4809200182650824,
        0.49993276239940954,
        0.5200704444879256,
        0.5364919522273466,
        0.5566451504545392,
        0.5734571540880503,
        0.5869072739433192,
        0.5978980469253828,
        0.6136239036074225,
        0.6279739737510681,
        0.6430093511095587,
        0.6511632117835231,
        0.6687432763711462,
        0.6807969216280764,
        0.6945677133476209
    ],
    "train_auroc": [
        0.719743475599109,
        0.8492210544880081,
        0.8892741386995375,
        0.9070827694808912,
        0.9178530431393558,
        0.9264034212760206,
        0.929706926240861,
        0.937422921447634,
        0.9421505395721339,
        0.943500151424288,
        0.9466160959417715,
        0.9513992356054438,
        0.9529849729447994,
        0.9580960614876177,
        0.9576380582725477,
        0.9600483846364531,
        0.9611812882453391,
        0.9703647085705643,
        0.968390869644453,
        0.96753310482457
    ],
    "val_loss": [
        2.6041653156280518,
        2.117276797691981,
        1.8746025363604228,
        1.7395270665486653,
        1.6903353333473206,
        1.6296078115701675,
        1.5534414847691853,
        1.5266086409489315,
        1.4829722742239635,
        1.4508197605609894,
        1.4056450426578522,
        1.399221698443095,
        1.359044263760249,
        1.3416607280572255,
        1.3166301647822063,
        1.3374335716168086,
        1.3095617492993672,
        1.3656280934810638,
        1.3136359453201294,
        1.2929683029651642
    ],
    "val_acc": [
        0.2659040180345376,
        0.3660094241301219,
        0.4384920646746953,
        0.476252481341362,
        0.486638143658638,
        0.5048673103253046,
        0.5263826896746954,
        0.5315910230080286,
        0.541294644276301,
        0.549138143658638,
        0.5680183519919714,
        0.5614769359429678,
        0.5751798103253046,
        0.582341268658638,
        0.587580606341362,
        0.593439981341362,
        0.5869295646746954,
        0.590153768658638,
        0.5966641853253046,
        0.607731893658638
    ],
    "val_auroc": [
        0.8488813042640686,
        0.8995216488838196,
        0.9209581613540649,
        0.9306783676147461,
        0.9350453019142151,
        0.9400763511657715,
        0.9450069069862366,
        0.9473118185997009,
        0.9501319527626038,
        0.9515620470046997,
        0.9538910984992981,
        0.9546388983726501,
        0.956753671169281,
        0.9572531580924988,
        0.959216833114624,
        0.9586418271064758,
        0.9597615003585815,
        0.9578748345375061,
        0.960728108882904,
        0.9613133072853088
    ]
}