{
    "train_loss": [
        2.1396902053611084,
        1.4308198555460516,
        1.193101705432688,
        1.0461453302476391,
        0.9261845438360418,
        0.82748980539025,
        0.7323081178485222,
        0.6546363605643218,
        0.5915129532416662,
        0.5067414216837793,
        0.4369114631283208,
        0.38208739909360995,
        0.32226459822564757,
        0.2867589132075415,
        0.22817386618856364,
        0.17619569912412256,
        0.15698797636483824,
        0.1236060836979147,
        0.1147369860302446,
        0.08893835781809856
    ],
    "train_acc": [
        0.36623755247338013,
        0.5526074424104871,
        0.6258352987421384,
        0.6680588313618546,
        0.7008975367501097,
        0.7339655398947638,
        0.761251965408805,
        0.786523847085125,
        0.8077666405236946,
        0.8330057653241187,
        0.8564924005442446,
        0.876375786163522,
        0.8928852201257862,
        0.90623362165577,
        0.9265919811320755,
        0.9441660115928769,
        0.949669156246965,
        0.9630339361211788,
        0.965982049328726,
        0.9748100106071376
    ],
    "train_auroc": [
        0.798510804210069,
        0.8547744565414932,
        0.866216185613998,
        0.8722035734908385,
        0.87677338250778,
        0.8844160914608518,
        0.8805526368460566,
        0.8838838649058492,
        0.8831500257336119,
        0.8894168442150332,
        0.886364866540117,
        0.8903144063814631,
        0.8910754084961969,
        0.8937124151666209,
        0.8922774724240573,
        0.890446828689965,
        0.8964647840966219,
        0.8956178089357772,
        0.892842080982976,
        0.893330084921429
    ],
    "val_loss": [
        1.50947600343953,
        1.2654739333235698,
        1.2168679017087687,
        1.093478900582894,
        1.0844072537577671,
        0.9402888715267181,
        0.938306181975033,
        0.9515704457526621,
        1.0121735360311426,
        0.9058669131735096,
        0.8782050324522931,
        0.870224843206613,
        0.8536406240385511,
        0.8723448398320571,
        1.1095837189451507,
        0.9098936027806738,
        0.9239304856113766,
        0.9273139108782229,
        1.098776045700778,
        0.9542373671479847
    ],
    "val_acc": [
        0.5219008793001589,
        0.5956586443859598,
        0.6007699292639027,
        0.6423071959744329,
        0.6477096288100533,
        0.7081715853317924,
        0.694228778714719,
        0.7092067806617074,
        0.6884381486021954,
        0.7234407352364581,
        0.7499353004538495,
        0.7502588007761084,
        0.7404244308886321,
        0.7546907352364581,
        0.7210791940274446,
        0.7516498462013577,
        0.7512939961060233,
        0.7492883024008378,
        0.7478972569755886,
        0.7668866463329481
    ],
    "val_auroc": [
        0.9539182186126709,
        0.9654384255409241,
        0.9694088697433472,
        0.9753468036651611,
        0.9740921258926392,
        0.9802438020706177,
        0.9814383387565613,
        0.9819172024726868,
        0.9797291159629822,
        0.9834714531898499,
        0.9832955598831177,
        0.9844974875450134,
        0.9854192137718201,
        0.9854074120521545,
        0.9824066162109375,
        0.9854980111122131,
        0.984085202217102,
        0.9857221245765686,
        0.9828112721443176,
        0.9853940606117249
    ]
}