{
    "train_loss": [
        2.4162303411735677,
        1.944124179816096,
        1.7473037737720418,
        1.6043146698729798,
        1.4860005918538794,
        1.3541026887653758,
        1.2619100467963789,
        1.1609882371230695,
        1.0723760056795564,
        0.9921057306745518,
        0.9099540373064438,
        0.8387185889969831,
        0.7801148617792429,
        0.720222070157153,
        0.6600053184812174,
        0.6095814933566928,
        0.5623741506030725,
        0.5197700260195343,
        0.48696773682000505,
        0.44950282123853574
    ],
    "train_acc": [
        0.29930590046276834,
        0.4221310203180373,
        0.4783830893864422,
        0.522227222064756,
        0.5579718013979355,
        0.5999203493010323,
        0.6281213794114455,
        0.6592420763189688,
        0.6872646681167794,
        0.7090367427412069,
        0.7372946664222382,
        0.7590615689379614,
        0.7770243710691824,
        0.7961922790269432,
        0.8103587387492822,
        0.8281974098967306,
        0.8431345168149696,
        0.8574664847655866,
        0.863856649248855,
        0.8761223520872727
    ],
    "train_auroc": [
        0.8459902105841247,
        0.9026611327375256,
        0.9271330316111727,
        0.9314360067529498,
        0.9437831231633073,
        0.9472412024653932,
        0.9540247452334039,
        0.9590611678999175,
        0.9661213324504828,
        0.9684502190014102,
        0.9707174282403862,
        0.9769138851255741,
        0.9737564467783993,
        0.9780616115474101,
        0.9809681439549668,
        0.9788565718152988,
        0.980199785352503,
        0.9810728588194217,
        0.982671929980224,
        0.9855188614917252
    ],
    "val_loss": [
        2.0551973978678384,
        1.8881066242853801,
        1.78553506731987,
        1.7146285672982533,
        1.6919726133346558,
        1.67707492907842,
        1.6384669144948323,
        1.5976100613673527,
        1.6163870841264725,
        1.6281682550907135,
        1.5959981828927994,
        1.630685731768608,
        1.667254199584325,
        1.6371728281180065,
        1.699065089225769,
        1.643346165617307,
        1.6703225076198578,
        1.7180688232183456,
        1.6719603538513184,
        1.7258542378743489
    ],
    "val_acc": [
        0.3881758451461792,
        0.4325086822112401,
        0.4566282232602437,
        0.4866691480080287,
        0.4846230149269104,
        0.4924355149269104,
        0.5082155267397562,
        0.519221231341362,
        0.5113777269919714,
        0.5093936026096344,
        0.526413694024086,
        0.5316220273574194,
        0.521794393658638,
        0.5296378980080286,
        0.5322420646746954,
        0.5251116106907526,
        0.537543406089147,
        0.522507444024086,
        0.5322110603253046,
        0.5400235603253046
    ],
    "val_auroc": [
        0.8956133127212524,
        0.9151660203933716,
        0.9233304858207703,
        0.9285038709640503,
        0.9317591190338135,
        0.9334384202957153,
        0.9360128045082092,
        0.9387590885162354,
        0.9394059181213379,
        0.9372360110282898,
        0.9405142664909363,
        0.9385630488395691,
        0.9382388591766357,
        0.9405327439308167,
        0.9386906027793884,
        0.9413532614707947,
        0.9398482441902161,
        0.9390487670898438,
        0.9408755898475647,
        0.9403132796287537
    ]
}