{
    "train_loss": [
        2.350542258166667,
        1.8467928403578464,
        1.6389741260300643,
        1.4817715253470078,
        1.3511047228327338,
        1.2258796245796875,
        1.102692872473279,
        0.9876637987370761,
        0.8822655542841498,
        0.7702616970494108,
        0.6593977604647102,
        0.575952040324421,
        0.4811701845822844,
        0.40395219792734904,
        0.3370601657614018,
        0.27710634976063137,
        0.2330941730325327,
        0.18926739730175185,
        0.16322773887113956,
        0.1394794876189352
    ],
    "train_acc": [
        0.31309738080456573,
        0.44348156639614944,
        0.5030825884087281,
        0.5495929534330308,
        0.5926483367224159,
        0.6327711231303665,
        0.670031136311825,
        0.7064170597484277,
        0.7378273958680015,
        0.7724599677061884,
        0.8124560368885784,
        0.8345177507250564,
        0.8677874668589178,
        0.8912508274024388,
        0.9119393413171828,
        0.9310270814025927,
        0.9451650943396226,
        0.9561868999739113,
        0.9651114078437757,
        0.9708628144654088
    ],
    "train_auroc": [
        0.8480922255501058,
        0.9157240701921331,
        0.9314076844251381,
        0.9420359089689435,
        0.9484731937354466,
        0.9600762653650727,
        0.9631460518956935,
        0.9697846088019557,
        0.9750287259149851,
        0.9787720231889928,
        0.9793949325879415,
        0.9818744115859458,
        0.9819426124200881,
        0.9872441666681062,
        0.9848230691076075,
        0.9863796054192309,
        0.989428811853037,
        0.9880229099741522,
        0.9875271001701835,
        0.9891649713306307
    ],
    "val_loss": [
        1.9025565187136333,
        1.7147399832804997,
        1.6234743297100067,
        1.5107644001642864,
        1.4413371880849202,
        1.376598800222079,
        1.3514752735694249,
        1.341183101137479,
        1.3071074138085048,
        1.3178324848413467,
        1.3114076107740402,
        1.2989183490475018,
        1.3285666853189468,
        1.326566328605016,
        1.32839601735274,
        1.3592254668474197,
        1.3522195369005203,
        1.3847642441590626,
        1.4335739364226658,
        1.442970449725787
    ],
    "val_acc": [
        0.4299355149269104,
        0.489924356341362,
        0.511408731341362,
        0.542038694024086,
        0.554377481341362,
        0.582465281089147,
        0.5960751523574194,
        0.5902467767397562,
        0.607855906089147,
        0.6046006977558136,
        0.6013144850730896,
        0.6078869054714838,
        0.6156374017397562,
        0.6247519850730896,
        0.6241629471381506,
        0.6227988600730896,
        0.6227988600730896,
        0.6325644850730896,
        0.628007193406423,
        0.6312624017397562
    ],
    "val_auroc": [
        0.9164078831672668,
        0.9310463070869446,
        0.9396616220474243,
        0.9452384114265442,
        0.9509473443031311,
        0.9538064002990723,
        0.9544985294342041,
        0.9575098156929016,
        0.9583280682563782,
        0.9586645364761353,
        0.9597916007041931,
        0.9603369235992432,
        0.9599000215530396,
        0.9600393772125244,
        0.960338830947876,
        0.9606305360794067,
        0.9604153037071228,
        0.9598487019538879,
        0.9593187570571899,
        0.959174394607544
    ]
}