{
    "train_loss": [
        2.7534722479634315,
        2.004008177691286,
        1.7382586579652701,
        1.5441347353113521,
        1.3760607070143118,
        1.2476989195781685,
        1.167188027744773,
        1.0685162341819618,
        0.9802563164219167,
        0.9204775342401469,
        0.8550239149129616,
        0.8078258532398152,
        0.7384982787588108,
        0.6937882186106916,
        0.6433052428113589,
        0.6240886547280557,
        0.5839509574122399,
        0.5491517264887972,
        0.5094702956061693,
        0.48910052390218534
    ],
    "train_acc": [
        0.29490959119496857,
        0.4294625123341878,
        0.4945615068921503,
        0.5449457959558979,
        0.5977868464008067,
        0.636195071838187,
        0.6600903055203036,
        0.6837553790530319,
        0.7126391301365018,
        0.7333871234887801,
        0.7488517873692062,
        0.7646578119235968,
        0.786835898768227,
        0.8012351041319985,
        0.8128465327826686,
        0.8186651771923281,
        0.8325704444879256,
        0.8410346324338853,
        0.8565820508033225,
        0.8595974014240241
    ],
    "train_auroc": [
        0.8255316825032984,
        0.8999994408409551,
        0.9212056304673729,
        0.9331577600173231,
        0.9491949662472468,
        0.9559489424873449,
        0.9618056292803783,
        0.9640587632011317,
        0.9690427952592477,
        0.970960703660857,
        0.9730565592927752,
        0.9739902979173001,
        0.977210764240169,
        0.9781879467784234,
        0.9784192577847894,
        0.9802753527959188,
        0.9777990695815416,
        0.9813728377504168,
        0.9801717719192025,
        0.9859665141165631
    ],
    "val_loss": [
        2.0746530493100486,
        2.0276861985524497,
        1.8735157400369644,
        1.7960554162661235,
        1.7050000329812367,
        1.7251246025164921,
        1.7224551439285278,
        1.708873172601064,
        1.672341634829839,
        1.7358932395776112,
        1.7621452709039052,
        1.7431150774161022,
        1.698876400788625,
        1.7741968979438145,
        1.7786790082852046,
        1.7600462784369786,
        1.8053962588310242,
        1.8160972148180008,
        1.8172390063603718,
        1.809317355354627
    ],
    "val_acc": [
        0.4006696442763011,
        0.415085569024086,
        0.460007444024086,
        0.4598834315935771,
        0.4945126523574193,
        0.491877481341362,
        0.4892423103253047,
        0.4891803065935771,
        0.504929319024086,
        0.4997209856907527,
        0.499069944024086,
        0.5140128980080286,
        0.5224764396746954,
        0.5068204353253046,
        0.5082155267397562,
        0.516648069024086,
        0.5192522356907526,
        0.5185701896746954,
        0.510788694024086,
        0.5055803606907526
    ],
    "val_auroc": [
        0.09760072454810143,
        0.0985241699963808,
        0.09995119273662567,
        0.10096923013528188,
        0.10200067423284054,
        0.10189018150170644,
        0.10208818564812343,
        0.10236253589391708,
        0.10282328103979428,
        0.10243397826949756,
        0.10290751482049625,
        0.10240853639940421,
        0.10278386063873768,
        0.10276706827183564,
        0.10308816656470299,
        0.1024446419129769,
        0.10221219435334206,
        0.1026585487027963,
        0.10275178961455822,
        0.10317510118087132
    ]
}