{
    "train_loss": [
        2.6011046755988643,
        1.9801109759312756,
        1.773618553419533,
        1.6252979609951284,
        1.5101720439563007,
        1.397237370598991,
        1.3035470277258434,
        1.2068465337063532,
        1.1153985670527573,
        1.0274780711287972,
        0.9298071636343902,
        0.8505868690568696,
        0.7628626849666331,
        0.6714797822184533,
        0.5889217894782061,
        0.5001568786753049,
        0.42881151827626257,
        0.3663086012099524,
        0.30134203898831735,
        0.2609782426987054
    ],
    "train_acc": [
        0.2468579319663018,
        0.40323723524621446,
        0.4608857787255221,
        0.5077426763450574,
        0.5418063139765518,
        0.5734545680336982,
        0.597435141509434,
        0.6292747641509434,
        0.6557353731221373,
        0.6833881578355465,
        0.711984855948754,
        0.7364567818131836,
        0.7661887620979885,
        0.7971723975625428,
        0.8179410789747658,
        0.8500625828527054,
        0.8710071167106148,
        0.8906974098967306,
        0.9105325225014357,
        0.9247713921205053
    ],
    "train_auroc": [
        0.8179493621460296,
        0.902513565132453,
        0.9208283199454254,
        0.9334007779007438,
        0.9387833116189489,
        0.945926031601504,
        0.9537071934286153,
        0.9589160253416817,
        0.9607172518406274,
        0.9652500220064847,
        0.9699285124082985,
        0.9754119927778184,
        0.9788516771118596,
        0.9808253589666115,
        0.981063224234671,
        0.9832604947330067,
        0.9832791382411741,
        0.9854779502130905,
        0.9866345266126236,
        0.9879880105174562
    ],
    "val_loss": [
        2.0800621608893075,
        1.813719520966212,
        1.687890926996867,
        1.5911908199389775,
        1.5528134206930797,
        1.468190148472786,
        1.4614843080441158,
        1.3865433384974797,
        1.3669824004173279,
        1.3235766341288884,
        1.288330540060997,
        1.2727401455243428,
        1.288442959388097,
        1.3115738679965336,
        1.3045062671105068,
        1.305511971314748,
        1.3541277845700581,
        1.3989180624485016,
        1.4281244377295177,
        1.5096312959988911
    ],
    "val_acc": [
        0.3830295155445735,
        0.4540550609429677,
        0.4931485603253047,
        0.508835569024086,
        0.5199342767397562,
        0.551804319024086,
        0.560856893658638,
        0.590866819024086,
        0.5777219732602438,
        0.5902467767397562,
        0.6149863600730896,
        0.6214967767397562,
        0.6019345273574194,
        0.6117001523574194,
        0.6228298644224802,
        0.616257444024086,
        0.6214967767397562,
        0.6189236144224802,
        0.618241568406423,
        0.616257444024086
    ],
    "val_auroc": [
        0.900795578956604,
        0.9247207045555115,
        0.9340556263923645,
        0.9405792951583862,
        0.9447068572044373,
        0.9489458203315735,
        0.9499270915985107,
        0.9553689360618591,
        0.9564054012298584,
        0.9575334787368774,
        0.9596976041793823,
        0.960860550403595,
        0.9617246389389038,
        0.9605403542518616,
        0.9609531760215759,
        0.9614989757537842,
        0.9602552056312561,
        0.960159182548523,
        0.9590847492218018,
        0.9580428004264832
    ]
}