{
    "train_loss": [
        1.966686005862254,
        1.2721482324150373,
        0.8851280414833212,
        0.567074402135873,
        0.341096856215465,
        0.20665929677351466,
        0.1328786791495557,
        0.09112586320008871,
        0.06648785210911583,
        0.051501133344458334,
        0.042012613137844226,
        0.034456793769444306,
        0.02968335043896669,
        0.02561485414750546,
        0.022483332598078175,
        0.020460813353131026,
        0.018597527125955752,
        0.017294099238121283,
        0.015502146656080237,
        0.014397092386143012
    ],
    "train_acc": [
        0.4524758979209564,
        0.6608661248249078,
        0.7870996774367567,
        0.8936998304331077,
        0.9572006374035241,
        0.983687106918239,
        0.9938580974842768,
        0.9967389729037974,
        0.9981819968553459,
        0.9991155660377359,
        0.9995577830188679,
        0.9996069182389937,
        0.9996560534591195,
        0.999754323899371,
        0.9999017295597484,
        0.999754323899371,
        0.999754323899371,
        0.9997051886792453,
        0.999754323899371,
        0.9998525943396226
    ],
    "train_auroc": [
        0.9028237057182024,
        0.9616206378306983,
        0.9762783901496503,
        0.98508320701947,
        0.9904450807931289,
        0.9883928748796571,
        0.9884740646530248,
        0.9895843526102462,
        0.9878540252739528,
        0.9887205362319946,
        0.98720428141408,
        0.985033818385886,
        0.9880711091389446,
        0.9895901068951349,
        0.9893728828280227,
        0.9893732329584518,
        0.9893732355825556,
        0.9872035759050142,
        0.9895901072700068,
        0.9889375001379529
    ],
    "val_loss": [
        1.5308901369571686,
        1.2753158311049144,
        1.1725562363862991,
        1.083950584133466,
        1.0354868570963542,
        1.0219788004954655,
        1.007938228547573,
        0.9883030479152998,
        0.9872904097040495,
        0.9827072049180666,
        0.9799465561906496,
        0.9748157262802124,
        0.9765379428863525,
        0.9705895235141119,
        0.9780409013231596,
        0.9731382057070732,
        0.9731776416301727,
        0.9785714248816172,
        0.9768320272366205,
        0.9810244316856066
    ],
    "val_acc": [
        0.5648251523574194,
        0.6351376523574194,
        0.6619853675365448,
        0.6827877014875412,
        0.6964285721381506,
        0.6892361144224802,
        0.6970796138048172,
        0.6977616598208746,
        0.6990017394224802,
        0.6971416175365448,
        0.7029389888048172,
        0.7094494054714838,
        0.7082093258698782,
        0.7081783264875412,
        0.701605906089147,
        0.7029389888048172,
        0.7056051592032114,
        0.7036210348208746,
        0.7068762431542078,
        0.7036210348208746
    ],
    "val_auroc": [
        0.953342854976654,
        0.9654664397239685,
        0.9697034358978271,
        0.9729403853416443,
        0.9741305708885193,
        0.9740186929702759,
        0.9749596118927002,
        0.9754359722137451,
        0.9748921394348145,
        0.9747650623321533,
        0.9746733903884888,
        0.9748177528381348,
        0.9745516777038574,
        0.9746102690696716,
        0.9741142392158508,
        0.9746857285499573,
        0.9743744134902954,
        0.9741749167442322,
        0.9745580554008484,
        0.9739719033241272
    ]
}