{
    "train_loss": [
        1.9937915427129973,
        1.3714606769429813,
        1.0413734166877076,
        0.7755761708853379,
        0.5609545934500184,
        0.3900066542925325,
        0.2742282231836199,
        0.19284347515061218,
        0.1415732871249037,
        0.10752407049045623,
        0.08524759987708908,
        0.0693238988612433,
        0.05782695587888454,
        0.047650024154276216,
        0.04132749320669744,
        0.03736077574720173,
        0.03242448201906756,
        0.028702096123271768,
        0.02683648962597802,
        0.024472218662875255
    ],
    "train_acc": [
        0.4440168818962649,
        0.6277412281096356,
        0.73344143081761,
        0.8185953535373856,
        0.8907956803369822,
        0.9405877608923042,
        0.9696809833154738,
        0.9852749502883767,
        0.9922521515462384,
        0.9957562685012817,
        0.9969044811320755,
        0.9984276729559748,
        0.9987224842767296,
        0.9992138364779874,
        0.9990974634698352,
        0.9992629716981132,
        0.9996069182389937,
        0.9996069182389937,
        0.9996560534591195,
        0.9996069182389937
    ],
    "train_auroc": [
        0.9015603384131905,
        0.9549902568823136,
        0.9745881816126266,
        0.9821958639336832,
        0.9857392588501457,
        0.987490308359734,
        0.9879541558289678,
        0.9912279098288818,
        0.9884822930929795,
        0.9874080400796806,
        0.9898021985899728,
        0.9900164146843197,
        0.9867668193091387,
        0.9854695245904742,
        0.9891557832184078,
        0.9891534537639258,
        0.9887226160217382,
        0.9893727969823394,
        0.9900238521443973,
        0.9878547738932963
    ],
    "val_loss": [
        1.556687946120898,
        1.3247692435979843,
        1.1795502652724583,
        1.0890465850631397,
        1.0393482396999996,
        1.0139909933010738,
        1.0136922200520833,
        0.988573357462883,
        0.9625954627990723,
        0.9544667527079582,
        0.9662392636140188,
        0.9594133992989858,
        0.9613964880506197,
        0.9498618170619011,
        0.9617084165414175,
        0.9617268691460291,
        0.955697812139988,
        0.9629898990194002,
        0.9590579122304916,
        0.9581789473692576
    ],
    "val_acc": [
        0.5531064023574194,
        0.6208457350730896,
        0.6501426100730896,
        0.672929068406423,
        0.6931733638048172,
        0.697699656089147,
        0.6957155267397562,
        0.7003038227558136,
        0.7113405267397562,
        0.7035900304714838,
        0.711371531089147,
        0.7035280267397562,
        0.7074342767397562,
        0.7120535721381506,
        0.7061631977558136,
        0.7120225727558136,
        0.7120225727558136,
        0.709418406089147,
        0.7107204894224802,
        0.7107204894224802
    ],
    "val_auroc": [
        0.9496837258338928,
        0.9635074138641357,
        0.970166027545929,
        0.9728522300720215,
        0.9745896458625793,
        0.9753507375717163,
        0.9749822020530701,
        0.9761339426040649,
        0.9763669967651367,
        0.9764950275421143,
        0.9759907126426697,
        0.9763693809509277,
        0.9760699272155762,
        0.9763462543487549,
        0.9761182069778442,
        0.9759477972984314,
        0.9764965176582336,
        0.9761098623275757,
        0.976121187210083,
        0.97620689868927
    ]
}