{
    "train_loss": [
        1.9813843530678898,
        1.2720185075915835,
        0.8525652094457135,
        0.5205595894429669,
        0.29926991537681913,
        0.17384321397205568,
        0.10810853686160261,
        0.07445449735852158,
        0.05479980620948024,
        0.04257255858220394,
        0.034571464694802115,
        0.02910422814904519,
        0.024868850309237744,
        0.02199471449046015,
        0.01969540296063858,
        0.017827460893763684,
        0.015623743762994337,
        0.014195094511803216,
        0.013426241599632509,
        0.012271868586305927
    ],
    "train_acc": [
        0.44952519847162115,
        0.6625987876136348,
        0.8020523006811082,
        0.9108790549092323,
        0.9669138942874452,
        0.9884015021833984,
        0.9956761006289309,
        0.9979363207547169,
        0.9989190251572327,
        0.9992629716981132,
        0.9996560534591195,
        0.9996560534591195,
        0.9998034591194969,
        0.9998034591194969,
        0.999754323899371,
        0.9997051886792453,
        0.9999017295597484,
        0.9999017295597484,
        0.9998525943396226,
        0.9999017295597484
    ],
    "train_auroc": [
        0.9028728979188692,
        0.9597405843764731,
        0.9787502551228745,
        0.9841176717536254,
        0.9892035917665973,
        0.9880096548758213,
        0.9893571880628478,
        0.9891523276484987,
        0.9859005977522652,
        0.991104802620486,
        0.988937923368418,
        0.9889394895835493,
        0.9900235563704053,
        0.9882888700227318,
        0.9876368015817126,
        0.9904575973936597,
        0.9882888711473476,
        0.9915419614539956,
        0.9898065755952079,
        0.9902407253313364
    ],
    "val_loss": [
        1.5891152222951253,
        1.3075274924437206,
        1.1621618370215099,
        1.0943843374649684,
        1.0780323843161266,
        1.0534904152154922,
        1.0355830043554306,
        1.030320721367995,
        1.0366190920273464,
        1.0354228243231773,
        1.0313684915502865,
        1.028746356566747,
        1.0218229939540227,
        1.0255161275466282,
        1.033330408235391,
        1.0275919064879417,
        1.0281323691209157,
        1.036316414674123,
        1.0286827658613522,
        1.03237580259641
    ],
    "val_acc": [
        0.5537264396746954,
        0.6292782773574194,
        0.6690538227558136,
        0.685980906089147,
        0.678788443406423,
        0.6820436517397562,
        0.693793406089147,
        0.694413443406423,
        0.6911582350730896,
        0.6918092767397562,
        0.6938244054714838,
        0.694413443406423,
        0.699652781089147,
        0.6983506977558136,
        0.692460318406423,
        0.694413443406423,
        0.6950954894224802,
        0.6983506977558136,
        0.6963975727558136,
        0.6957155267397562
    ],
    "val_auroc": [
        0.9480059146881104,
        0.9637832641601562,
        0.970803439617157,
        0.9727925658226013,
        0.9728029370307922,
        0.9720566868782043,
        0.9728049039840698,
        0.9734285473823547,
        0.9721527099609375,
        0.9723408818244934,
        0.9722098708152771,
        0.9719472527503967,
        0.9724724292755127,
        0.9720989465713501,
        0.9715448617935181,
        0.9720743894577026,
        0.9719487428665161,
        0.9711557030677795,
        0.9715951085090637,
        0.9711817502975464
    ]
}